date,campaign_id,impressions,clicks,conversions,spend,revenue
2024-01-13,1,1589,41,0,139.11,0.0
2024-01-14,1,2795,126,4,244.58,343.96
2024-01-15,1,3946,177,5,345.35,486.33
2024-01-16,1,2175,53,0,190.33,0.0
2024-01-17,1,3412,132,3,298.6,258.77
2024-01-18,1,2646,79,1,231.58,89.79
2024-01-19,1,2359,63,1,206.49,82.78
2024-01-20,1,2094,71,1,183.24,100.43
2024-01-21,1,2639,113,3,230.97,230.87
2024-01-22,1,3078,107,2,269.34,148.15
2024-01-23,1,3838,167,5,335.9,487.99
2024-01-24,1,2704,83,1,236.69,89.72
2024-01-25,1,3278,122,3,286.85,219.59
2024-01-26,1,3561,144,4,311.65,345.36
2024-01-27,1,2514,102,2,219.98,172.06
2024-01-28,1,1508,36,0,132.0,0.0
2024-01-29,1,2189,54,0,191.62,0.0
2024-01-30,1,3776,162,4,330.43,385.11
2024-01-31,1,2721,84,1,238.15,69.97
2024-02-01,1,3774,162,4,330.31,400.79
2024-02-02,1,2312,60,1,202.31,84.52
2024-02-03,1,1597,41,0,139.76,0.0
2024-02-04,1,2497,101,2,218.53,144.73
2024-02-05,1,3031,104,2,265.25,173.39
2024-02-06,1,2643,79,1,231.29,97.66
2024-02-07,1,2935,97,2,256.83,150.4
2024-02-08,1,3149,112,2,275.59,185.64
2024-02-09,1,2525,72,1,220.97,78.6
2024-02-10,1,2793,126,4,244.47,360.38
2024-02-11,1,2073,69,1,181.47,85.6
2024-02-12,1,2377,64,1,208.02,75.64
2024-02-13,1,2778,87,1,243.09,88.0
2024-02-14,1,2578,75,1,225.65,75.49
2024-02-15,1,2285,59,1,199.94,89.46
2024-02-16,1,2576,75,1,225.46,98.78
2024-02-17,1,2618,111,3,229.14,211.23
2024-02-18,1,1815,53,1,158.84,90.75
2024-02-19,1,2549,73,1,223.08,72.5
2024-02-20,1,3881,171,5,339.6,437.08
2024-02-21,1,3026,104,2,264.83,189.35
2024-02-22,1,3644,151,4,318.92,297.9
2024-02-23,1,2332,61,1,204.13,82.66
2024-02-24,1,2055,68,1,179.83,83.88
2024-02-25,1,2450,97,2,214.38,181.79
2024-02-26,1,3970,179,5,347.46,356.73
2024-02-27,1,2897,95,2,253.51,159.07
2024-02-28,1,3744,159,4,327.67,305.82
2024-02-29,1,2505,71,1,219.2,83.25
2024-03-01,1,2932,97,2,256.63,154.94
2024-03-02,1,1830,54,1,160.18,99.39
2024-03-03,1,2080,70,1,182.04,97.29
2024-03-04,1,3170,114,2,277.38,139.44
2024-03-05,1,3998,181,5,349.9,482.12
2024-03-06,1,3942,176,5,345.01,497.48
2024-03-07,1,3720,157,4,325.58,294.62
2024-03-08,1,3050,105,2,266.93,150.53
2024-03-09,1,2026,66,1,177.28,69.99
2024-03-10,1,1997,64,1,174.79,101.5
2024-03-11,1,2643,79,1,231.31,94.66
2024-03-12,1,2994,101,2,261.98,164.76
2024-03-13,1,3921,174,5,343.12,509.22
2024-03-14,1,3180,115,2,278.26,184.85
2024-03-15,1,2439,67,1,213.48,78.09
2024-03-16,1,2759,123,3,241.48,263.08
2024-03-17,1,2208,79,2,193.24,186.86
2024-03-18,1,2259,58,1,197.71,87.86
2024-03-19,1,3082,108,2,269.71,193.98
2024-03-20,1,2444,67,1,213.9,100.67
2024-03-21,1,2301,60,1,201.41,74.32
2024-03-22,1,3252,120,3,284.6,272.87
2024-03-23,1,1811,53,1,158.53,72.08
2024-03-24,1,2658,114,3,232.61,229.11
2024-03-25,1,3251,120,3,284.52,267.18
2024-03-26,1,2927,97,2,256.2,175.69
2024-03-27,1,3119,110,2,272.93,199.56
2024-03-28,1,2531,72,1,221.47,92.35
2024-03-29,1,2594,76,1,227.03,81.46
2024-03-30,1,2375,91,2,207.89,156.4
2024-02-22,2,17645,282,3,381.15,214.65
2024-02-23,2,14746,197,2,318.52,127.83
2024-02-24,2,18035,421,8,389.56,623.19
2024-02-25,2,10328,138,1,223.1,57.54
2024-02-26,2,17039,263,3,368.04,228.79
2024-02-27,2,24365,538,9,526.29,673.75
2024-02-28,2,18280,303,4,394.86,224.41
2024-02-29,2,23804,514,9,514.18,632.63
2024-03-01,2,21162,406,6,457.1,466.01
2024-03-02,2,15165,298,4,327.58,208.81
2024-03-03,2,16524,354,6,356.93,358.7
2024-03-04,2,21777,430,7,470.39,534.89
2024-03-05,2,15481,217,2,334.4,110.0
2024-03-06,2,15156,208,2,327.39,132.77
2024-03-07,2,17124,266,3,369.88,203.18
2024-03-08,2,22422,456,7,484.33,401.05
2024-03-09,2,15001,291,4,324.03,235.45
2024-03-10,2,13787,246,3,297.81,226.62
2024-03-11,2,23951,520,9,517.36,489.6
2024-03-12,2,18923,324,4,408.75,236.77
2024-03-13,2,13925,175,1,300.79,72.05
2024-03-14,2,21464,418,6,463.64,352.87
2024-03-15,2,22703,467,8,490.4,530.75
2024-03-16,2,13280,228,3,286.87,156.75
2024-03-17,2,10345,138,1,223.45,74.96
2024-03-18,2,24639,550,10,532.22,661.85
2024-03-19,2,23814,514,9,514.4,604.31
2024-03-20,2,15645,222,2,337.94,110.63
2024-03-21,2,17551,279,3,379.11,226.12
2024-03-22,2,23357,495,8,504.51,595.03
2024-03-23,2,17206,383,7,371.66,402.23
2024-03-24,2,11796,180,2,254.81,109.35
2024-03-25,2,23166,487,8,500.4,599.9
2024-03-26,2,18719,318,4,404.33,272.55
2024-03-27,2,15722,224,2,339.6,152.35
2024-03-28,2,24171,530,9,522.11,696.43
2024-03-29,2,23531,502,8,508.28,599.33
2024-03-30,2,9924,127,1,214.37,71.15
2024-03-31,2,12485,202,2,269.68,152.4
2024-04-01,2,23429,498,8,506.08,595.73
2024-04-02,2,23531,502,8,508.27,471.5
2024-04-03,2,23252,490,8,502.26,438.48
2024-04-04,2,24261,534,9,524.06,668.91
2024-04-05,2,16530,247,3,357.05,219.69
2024-04-06,2,13552,238,3,292.74,179.8
2024-04-07,2,16343,346,6,353.02,347.5
2024-04-08,2,14164,182,1,305.96,57.02
2024-04-09,2,17789,287,3,384.25,223.42
2024-04-10,2,25389,585,11,548.41,651.83
2024-04-11,2,21516,420,6,464.76,374.35
2024-04-12,2,25558,592,11,552.07,725.36
2024-04-13,2,17542,398,7,378.91,384.99
2024-04-14,2,17801,410,7,384.52,396.5
2024-04-15,2,25337,582,11,547.29,647.92
2024-04-16,2,15173,208,2,327.74,126.6
2024-04-17,2,22552,461,7,487.14,421.09
2024-04-18,2,21097,403,6,455.7,391.78
2024-04-19,2,18467,309,4,398.89,267.97
2024-04-20,2,11840,181,2,255.75,140.86
2024-04-21,2,9732,122,1,210.22,76.06
2024-04-22,2,20290,373,5,438.28,353.53
2024-04-23,2,22712,468,8,490.59,555.49
2024-04-24,2,18217,301,4,393.5,215.28
2024-04-25,2,21787,430,7,470.61,424.1
2024-04-26,2,17618,281,3,380.57,222.15
2024-04-27,2,15713,320,5,339.42,299.04
2024-04-28,2,12294,195,2,265.56,125.24
2024-04-29,2,18671,316,4,403.31,238.75
2024-04-30,2,15397,215,2,332.6,125.86
2024-05-01,2,25073,570,10,541.59,696.1
2024-05-02,2,24626,550,10,531.93,680.03
2024-05-03,2,17464,276,3,377.23,198.74
2024-05-04,2,9721,122,1,209.99,59.46
2024-05-05,2,13299,229,3,287.26,201.24
2024-08-04,3,2965,113,3,259.44,251.43
2024-08-05,3,3741,126,3,327.38,225.8
2024-08-06,3,3813,131,3,333.69,295.92
2024-08-07,3,4564,188,5,399.39,368.85
2024-08-08,3,2910,76,1,254.66,85.53
2024-08-09,3,4185,158,4,366.2,317.59
2024-08-10,3,3231,134,3,282.76,280.62
2024-08-11,3,2994,115,3,262.02,226.91
2024-08-12,3,3176,91,1,277.92,68.83
2024-08-13,3,3282,97,2,287.23,168.31
2024-08-14,3,4689,198,5,410.32,352.38
2024-08-15,3,3677,122,2,321.74,178.82
2024-08-16,3,3165,90,1,276.97,91.68
2024-08-17,3,2704,94,2,236.6,152.59
2024-08-18,3,2967,113,3,259.63,204.57
2024-08-19,3,4459,179,5,390.22,470.91
2024-08-20,3,2961,79,1,259.09,82.45
2024-08-21,3,3122,88,1,273.19,100.57
2024-08-22,3,3917,138,3,342.8,209.12
2024-08-23,3,3292,97,2,288.11,193.69
2024-08-24,3,2642,90,2,231.2,190.5
2024-08-25,3,2985,114,3,261.27,304.77
2024-08-26,3,4097,151,3,358.57,300.9
2024-08-27,3,4786,206,6,418.8,532.98
2024-08-28,3,4385,173,4,383.77,340.65
2024-08-29,3,4644,194,5,406.42,433.14
2024-08-30,3,4799,207,6,419.98,559.71
2024-08-31,3,2671,92,2,233.8,153.63
2024-09-01,3,2301,68,1,201.4,89.68
2024-09-02,3,4494,182,5,393.24,428.62
2024-09-03,3,4170,157,4,364.94,309.35
2024-09-04,3,2893,75,1,253.17,77.71
2024-09-05,3,3345,101,2,292.69,157.74
2024-09-15,4,4256,78,1,91.94,55.6
2024-09-16,4,4980,75,0,107.57,0.0
2024-09-17,4,6672,134,2,144.13,107.34
2024-09-18,4,5608,95,1,121.14,66.11
2024-09-19,4,5637,96,1,121.77,57.38
2024-09-20,4,5652,96,1,122.1,75.53
2024-09-21,4,4365,82,1,94.3,70.08
2024-09-22,4,5045,110,2,108.99,143.81
2024-09-23,4,5511,92,1,119.04,52.15
2024-09-24,4,5409,88,1,116.84,71.59
2024-09-25,4,7196,156,2,155.45,153.58
2024-09-26,4,5648,96,1,122.02,71.44
2024-09-27,4,6101,112,1,131.8,67.68
2024-09-28,4,3459,51,0,74.72,0.0
2024-09-29,4,3996,69,0,86.32,0.0
2024-09-30,4,5353,86,1,115.64,69.66
2024-10-01,4,5596,94,1,120.89,56.29
2024-10-02,4,5821,102,1,125.74,55.32
2024-10-03,4,6372,123,1,137.66,52.7
2024-10-04,4,5559,93,1,120.09,66.67
2024-10-05,4,2976,38,0,64.3,0.0
2024-10-06,4,3247,45,0,70.15,0.0
2024-10-07,4,4335,56,0,93.64,0.0
2024-10-08,4,4910,73,0,106.06,0.0
2024-10-09,4,6868,143,2,148.35,123.71
2024-10-10,4,6835,141,2,147.64,147.26
2024-10-11,4,5054,77,0,109.19,0.0
2024-10-12,4,2957,37,0,63.89,0.0
2024-10-13,4,5402,126,2,116.7,122.2
2024-10-14,4,6472,126,2,139.8,144.62
2024-10-15,4,6478,127,2,139.93,143.22
2024-10-16,4,7539,172,3,162.85,171.55
2024-10-17,4,4228,54,0,91.34,0.0
2024-10-18,4,4605,64,0,99.49,0.0
2024-10-19,4,4315,80,1,93.22,57.67
2024-10-20,4,4653,93,1,100.52,71.94
2024-10-21,4,4753,68,0,102.69,0.0
2024-10-22,4,6820,141,2,147.33,109.96
2024-10-23,4,7074,151,2,152.82,154.17
2024-10-24,4,4541,62,0,98.09,0.0
2024-10-25,4,5267,84,1,113.78,69.61
2024-10-26,4,5298,121,2,114.45,124.63
2024-10-27,4,4692,95,1,101.36,53.98
2024-10-28,4,6616,132,2,142.92,136.62
2024-10-29,4,4519,61,0,97.62,0.0
2024-10-30,4,7185,156,2,155.2,135.22
2024-10-31,4,4587,63,0,99.09,0.0
2024-11-01,4,6944,146,2,150.0,122.05
2024-11-02,4,3977,68,0,85.92,0.0
2024-11-03,4,4171,75,1,90.1,60.87
2024-11-04,4,7182,156,2,155.15,146.76
2024-11-05,4,4532,62,0,97.9,0.0
2024-11-06,4,6420,124,2,138.68,147.09
2024-11-07,4,6675,135,2,144.2,126.65
2024-11-08,4,6770,138,2,146.24,154.2
2024-11-09,4,3582,55,0,77.39,0.0
2024-11-10,4,4251,78,1,91.83,64.57
2024-11-11,4,5707,98,1,123.29,71.01
2024-11-12,4,5112,79,1,110.43,74.14
2024-11-13,4,7115,153,2,153.7,108.51
2024-11-14,4,7296,161,2,157.61,116.68
2024-11-15,4,5811,102,1,125.53,67.87
2024-11-16,4,3854,64,0,83.26,0.0
2024-11-17,4,5031,109,1,108.68,56.73
2024-11-18,4,4911,73,0,106.1,0.0
2024-11-19,4,5368,87,1,115.96,74.89
2024-11-20,4,6654,134,2,143.73,118.37
2024-11-21,4,4192,53,0,90.56,0.0
2024-11-22,4,4461,60,0,96.36,0.0
2024-08-02,5,2286,102,3,308.63,314.43
2024-08-03,5,1795,90,3,242.41,301.63
2024-08-04,5,1602,71,2,216.33,212.26
2024-08-05,5,1739,59,1,234.88,84.42
2024-08-06,5,2566,128,4,346.52,350.54
2024-08-07,5,2414,113,3,325.97,281.95
2024-08-08,5,2344,107,3,316.53,276.51
2024-08-09,5,2641,136,4,356.62,354.28
2024-08-10,5,1807,91,3,244.01,258.88
2024-08-11,5,1371,52,1,185.09,80.58
2024-08-12,5,1877,68,1,253.44,80.54
2024-08-13,5,2351,108,3,317.45,314.89
2024-08-14,5,1867,68,1,252.05,84.22
2024-08-15,5,2280,101,3,307.81,310.6
2024-08-16,5,2960,171,6,399.63,575.62
2024-08-17,5,1401,54,1,189.21,79.82
2024-08-18,5,1315,48,1,177.61,84.64
2024-08-19,5,1859,67,1,250.99,76.54
2024-08-20,5,2349,107,3,317.12,259.27
2024-08-21,5,2956,170,6,399.19,582.17
2024-08-22,5,2574,129,4,347.57,323.19
2024-08-23,5,2810,154,5,379.46,473.27
2024-08-24,5,1971,108,3,266.18,293.44
2024-08-25,5,1581,69,2,213.54,185.48
2024-08-26,5,1865,68,1,251.91,77.95
2024-08-27,5,2911,165,6,393.0,564.92
2024-08-28,5,2746,147,5,370.82,456.13
2024-08-29,5,1713,57,1,231.34,99.92
2024-08-30,5,1685,55,1,227.53,81.67
2024-08-31,5,1672,78,2,225.73,175.09
2024-09-01,5,2088,121,4,282.0,322.0
2024-09-02,5,2667,139,4,360.07,396.16
2024-09-03,5,2703,142,5,364.97,422.88
2024-09-04,5,2333,106,3,314.97,279.36
2024-09-05,5,2222,96,2,300.08,217.37
2024-09-06,5,2978,173,6,402.13,525.63
2024-09-07,5,1728,83,2,233.33,198.33
2024-09-08,5,1843,94,3,248.87,336.03
2024-09-09,5,1898,70,1,256.27,84.02
2024-09-10,5,2523,124,4,340.67,327.87
2024-09-11,5,1851,66,1,249.94,78.85
2024-09-12,5,1615,50,1,218.03,93.12
2024-09-13,5,2431,115,3,328.25,261.2
2024-09-14,5,1351,51,1,182.48,102.86
2024-09-15,5,1807,91,3,244.03,279.76
2024-03-22,6,4560,177,4,399.06,397.65
2024-03-23,6,3365,138,4,294.48,357.01
2024-03-24,6,3147,120,3,275.39,299.23
2024-03-25,6,3915,130,3,342.61,259.55
2024-03-26,6,4462,170,4,390.5,395.54
2024-03-27,6,4903,205,6,429.03,422.57
2024-03-28,6,3277,91,1,286.82,78.46
2024-03-29,6,4712,189,5,412.31,436.77
2024-03-30,6,2505,76,1,219.26,72.23
2024-03-31,6,3194,124,3,279.54,275.37
2024-04-01,6,5188,229,7,454.01,595.11
2024-04-02,6,4084,142,3,357.39,212.21
2024-04-03,6,2967,75,1,259.69,82.69
2024-04-04,6,3662,114,2,320.48,153.03
2024-04-05,6,3094,81,1,270.77,100.7
2024-04-06,6,3448,145,4,301.73,350.23
2024-04-07,6,3646,162,5,319.03,509.93
2024-04-08,6,4523,174,4,395.81,308.65
2024-04-09,6,2968,75,1,259.77,93.71
2024-04-10,6,4027,138,3,352.38,270.45
2024-04-11,6,5123,224,6,448.28,445.02
2024-04-12,6,4309,158,4,377.09,358.33
2024-04-13,6,2855,99,2,249.86,142.2
2024-04-14,6,2608,82,1,228.2,79.33
2024-04-15,6,4518,174,4,395.35,388.65
2024-04-16,6,3681,115,2,322.1,183.17
2024-04-17,6,3578,109,2,313.14,200.27
2024-04-18,6,4871,202,6,426.22,520.22
2024-04-19,6,3988,135,3,349.0,236.08
2024-04-20,6,2565,80,1,224.48,100.99
2024-04-21,6,2704,89,2,236.67,170.99
2024-04-22,6,5300,239,7,463.79,632.52
2024-04-23,6,4204,150,3,367.9,246.15
2024-04-24,6,3331,94,1,291.48,80.3
2024-04-25,6,4730,191,5,413.92,446.32
2024-04-26,6,4739,191,5,414.69,374.6
2024-04-27,6,2954,106,2,258.53,199.08
2024-04-28,6,2763,93,2,241.79,183.48
2024-04-29,6,3168,85,1,277.24,101.09
2024-04-30,6,4367,162,4,382.16,304.54
2024-05-01,6,3259,90,1,285.2,86.73
2024-05-02,6,4228,152,3,369.97,213.51
2024-05-03,6,5310,240,7,464.68,693.28
2024-05-04,6,2803,95,2,245.3,143.99
2024-05-05,6,3441,144,4,301.15,339.78
2024-05-06,6,4632,183,5,405.35,426.51
2024-05-07,6,3542,107,2,309.96,192.76
2024-05-08,6,5281,238,7,462.09,534.01
2024-05-09,6,4225,152,3,369.76,243.13
2024-05-10,6,5137,225,7,449.53,596.96
2024-05-11,6,3522,151,4,308.26,389.51
2024-05-12,6,2484,75,1,217.4,94.86
2024-05-13,6,3890,129,3,340.42,299.29
2024-05-14,6,4118,144,3,360.39,287.7
2024-05-15,6,3565,108,2,311.99,156.3
2024-05-16,6,4313,158,4,377.44,407.85
2024-05-17,6,4074,141,3,356.5,219.16
2024-05-18,6,2936,105,2,256.92,159.47
2024-05-19,6,2959,106,2,258.93,172.95
2024-05-20,6,3989,135,3,349.12,236.82
2024-05-21,6,3333,94,1,291.71,91.71
2024-05-22,6,4276,156,4,374.18,303.76
2024-05-23,6,4777,194,5,418.04,347.42
2024-05-24,6,4701,188,5,411.4,459.89
2024-05-25,6,3406,141,4,298.03,324.51
2024-05-26,6,3151,121,3,275.77,287.72
2024-05-27,6,5282,238,7,462.22,593.89
2024-05-28,6,2960,74,1,259.08,85.08
2024-05-29,6,4321,159,4,378.14,390.28
2024-05-30,6,5020,215,6,439.27,497.82
2024-05-31,6,4163,147,3,364.31,250.61
2024-06-01,6,3252,129,3,284.62,245.82
2024-06-02,6,3136,119,3,274.43,219.74
2024-06-03,6,4024,138,3,352.16,302.86
2024-06-04,6,3702,117,2,323.98,183.1
2024-04-20,7,8392,164,2,181.28,148.29
2024-04-21,7,9328,203,3,201.49,223.03
2024-04-22,7,10208,170,2,220.5,120.47
2024-04-23,7,12443,253,4,268.79,286.98
2024-04-24,7,13458,296,5,290.7,264.67
2024-04-25,7,8151,108,1,176.08,68.41
2024-04-26,7,13778,310,5,297.62,389.67
2024-04-27,7,8840,182,3,190.95,189.85
2024-04-28,7,5845,79,0,126.25,0.0
2024-04-29,7,13459,296,5,290.72,317.68
2024-04-30,7,12280,246,4,265.27,301.96
2024-05-01,7,8003,104,1,172.88,72.7
2024-05-02,7,9636,151,1,208.15,61.75
2024-05-03,7,8661,122,1,187.08,65.81
2024-05-04,7,8004,149,2,172.9,145.21
2024-05-05,7,6175,89,1,133.39,54.05
2024-05-06,7,13447,295,5,290.48,340.56
2024-05-07,7,9289,141,1,200.66,75.73
2024-05-08,7,8644,122,1,186.73,63.99
2024-05-09,7,9376,143,1,202.53,58.64
2024-05-10,7,7762,98,1,167.67,72.92
2024-05-11,7,9553,213,3,206.36,208.85
2024-05-12,7,6120,87,1,132.19,63.48
2024-05-13,7,9981,163,2,215.59,134.55
2024-05-14,7,11917,232,3,257.42,189.1
2024-05-15,7,9350,143,1,201.98,73.98
2024-05-16,7,9015,132,1,194.73,62.0
2024-05-17,7,10889,194,2,235.21,116.33
2024-05-18,7,8032,150,2,173.5,133.89
2024-05-19,7,9976,232,4,215.49,238.7
2024-05-20,7,14154,327,6,305.75,414.68
2024-05-21,7,9511,148,1,205.46,66.71
2024-05-22,7,12226,244,4,264.1,285.45
2024-05-23,7,8023,105,1,173.32,67.77
2024-05-24,7,10978,197,2,237.14,151.02
2024-05-25,7,6712,105,1,144.99,72.77
2024-05-26,7,8194,156,2,177.01,122.32
2024-05-27,7,11902,231,3,257.08,204.43
2024-05-28,7,12173,242,4,262.95,282.98
2024-05-29,7,12051,237,3,260.3,221.39
2024-05-30,7,11846,229,3,255.89,226.47
2024-05-31,7,11966,234,3,258.47,180.1
2024-06-01,7,7426,128,1,160.42,67.07
2024-06-02,7,8773,179,3,189.51,163.03
2024-06-03,7,9648,152,1,208.4,71.43
2024-06-04,7,8859,128,1,191.37,55.44
2024-06-05,7,11260,207,3,243.23,231.78
2024-06-06,7,11204,205,3,242.01,227.25
2024-06-07,7,13181,284,5,284.72,293.41
2024-06-08,7,9200,197,3,198.73,193.58
2024-06-09,7,9116,194,3,196.91,214.23
2024-06-10,7,9935,161,2,214.61,109.99
2024-06-11,7,14055,323,6,303.6,333.96
2024-06-12,7,14079,324,6,304.11,446.18
2024-06-13,7,12480,254,4,269.57,309.91
2024-06-14,7,14084,324,6,304.22,437.52
2024-06-15,7,7080,117,1,152.93,72.56
2024-06-16,7,5454,69,0,117.82,0.0
2024-06-17,7,10701,187,2,231.16,138.99
2024-06-18,7,12137,241,3,262.18,201.6
2024-06-19,7,13128,282,5,283.57,382.24
2024-06-20,7,8415,115,1,181.77,58.08
2024-06-21,7,7865,101,1,169.89,74.99
2024-06-22,7,7983,148,2,172.45,151.59
2024-06-23,7,6412,96,1,138.52,53.64
2024-06-24,7,13137,282,5,283.78,378.22
2024-06-25,7,9694,153,2,209.41,125.23
2024-06-26,7,8622,121,1,186.25,76.6
2024-06-27,7,9709,154,2,209.72,129.62
2024-06-28,7,8341,113,1,180.18,75.07
2024-06-29,7,6016,84,0,129.97,0.0
2024-06-30,7,8487,168,2,183.34,142.64
2024-07-01,7,13943,318,6,301.19,377.38
2024-07-02,7,12599,259,4,272.15,224.07
2024-07-03,7,10438,178,2,225.47,109.15
2024-07-04,7,10930,195,2,236.09,125.22
2024-07-05,7,13980,319,6,301.98,317.1
2024-07-06,7,7102,117,1,153.41,63.53
2024-07-07,7,9781,223,4,211.29,296.97
2024-02-19,8,75502,1433,38,188.76,3061.68
2024-02-20,8,102047,2619,94,255.12,8397.52
2024-02-21,8,90967,2081,66,227.42,4748.32
2024-02-22,8,80896,1646,46,202.24,2928.58
2024-02-23,8,120151,3631,153,300.38,11267.15
2024-02-24,8,76371,2095,80,190.93,6340.09
2024-02-25,8,73632,1948,72,184.08,4366.13
2024-02-26,8,116499,3413,140,291.25,9422.99
2024-02-27,8,77086,1494,40,192.72,3077.49
2024-02-28,8,73668,1365,35,184.17,2903.42
2024-02-29,8,81931,1688,48,204.83,3190.97
2024-03-01,8,121443,3709,158,303.61,11037.37
2024-03-02,8,54863,1081,29,137.16,2523.46
2024-03-03,8,48822,856,21,122.06,1800.8
2024-03-04,8,78205,1538,42,195.51,2683.79
2024-03-05,8,84525,1796,53,211.31,3457.45
2024-03-06,8,109000,2988,114,272.5,6928.17
2024-03-07,8,70463,1248,30,176.16,2510.99
2024-03-08,8,83766,1764,52,209.42,3625.08
2024-03-09,8,55978,1125,31,139.95,1908.73
2024-03-10,8,79667,2280,91,199.17,6896.21
2024-03-11,8,114046,3271,131,285.12,9731.65
2024-03-12,8,115975,3383,138,289.94,10404.81
2024-03-13,8,76080,1455,38,190.2,2854.38
2024-03-14,8,125959,3990,176,314.9,10788.97
2024-03-15,8,116286,3401,139,290.72,11955.31
2024-03-16,8,70472,1784,63,176.18,4645.7
2024-03-17,8,88948,2842,127,222.37,7851.74
2024-03-18,8,98142,2422,83,245.36,5980.03
2024-03-19,8,110494,3070,119,276.24,8890.26
2024-03-20,8,123829,3856,168,309.57,10450.39
2024-03-21,8,74395,1392,36,185.99,2816.96
2024-03-22,8,73494,1358,35,183.74,2388.77
2024-03-23,8,75132,2028,76,187.83,5810.25
2024-03-24,8,62279,1393,43,155.7,3863.07
2024-03-25,8,101218,2576,91,253.05,6698.64
2024-03-26,8,105683,2809,104,264.21,6549.44
2024-03-27,8,111429,3122,122,278.57,10441.22
2024-03-28,8,108395,2955,112,270.99,9303.71
2024-03-29,8,112566,3187,126,281.42,8372.79
2024-03-30,8,67554,1639,55,168.89,3677.01
2024-03-31,8,62852,1419,44,157.13,3238.62
2024-04-01,8,94385,2240,74,235.96,4651.09
2024-04-02,8,95028,2271,75,237.57,5996.49
2024-04-03,8,91899,2124,68,229.75,4391.38
2024-04-04,8,124621,3906,171,311.55,10604.39
2024-04-05,8,119181,3572,149,297.95,9356.74
2024-04-06,8,52735,999,26,131.84,2136.26
2024-04-07,8,82592,2451,101,206.48,7745.8
2024-04-08,8,104552,2749,101,261.38,7761.61
2024-04-09,8,89236,2002,62,223.09,3947.35
2024-04-10,8,90664,2067,65,226.66,5197.41
2024-04-11,8,114322,3287,132,285.81,11357.64
2024-01-23,9,58305,792,7,524.75,457.13
2024-01-24,9,54579,694,5,491.21,258.68
2024-01-25,9,53884,676,5,484.96,243.4
2024-01-26,9,56318,739,6,506.87,293.6
2024-01-27,9,27563,253,1,248.07,62.6
2024-01-28,9,33171,366,2,298.54,121.55
2024-01-29,9,53766,673,5,483.9,308.79
2024-01-30,9,62138,900,8,559.25,523.52
2024-01-31,9,61312,876,8,551.82,459.99
2024-02-01,9,55885,728,6,502.97,267.47
2024-02-02,9,64730,976,9,582.58,560.23
2024-02-03,9,31006,320,2,279.06,95.94
2024-02-04,9,40416,543,4,363.75,203.19
2024-02-05,9,46530,504,3,418.77,132.4
2024-02-06,9,62901,922,9,566.11,508.13
2024-02-07,9,48413,546,4,435.72,188.48
2024-02-08,9,55591,720,6,500.32,268.05
2024-02-09,9,59079,813,7,531.71,341.13
2024-02-10,9,34301,391,2,308.71,103.0
2024-02-11,9,33224,367,2,299.02,119.75
2024-02-12,9,60028,839,7,540.26,395.41
2024-02-13,9,38658,348,2,347.93,90.31
2024-02-14,9,40896,389,2,368.07,115.18
2024-02-15,9,56851,753,6,511.66,299.92
2024-02-16,9,56479,743,6,508.32,328.11
2024-02-17,9,34781,402,3,313.03,150.03
2024-02-18,9,41546,574,5,373.92,232.52
2024-02-19,9,49313,566,4,443.82,200.93
2024-02-20,9,56990,757,6,512.92,328.24
2024-02-21,9,56639,747,6,509.76,270.0
2024-02-22,9,48242,542,4,434.19,228.74
2024-02-23,9,36271,306,1,326.45,50.63
2024-02-24,9,29791,295,1,268.12,47.02
2024-02-25,9,30748,314,2,276.74,102.44
2024-02-26,9,36273,306,1,326.46,60.43
2024-02-27,9,41461,400,2,373.15,104.73
2024-02-28,9,57768,777,6,519.92,330.03
2024-02-29,9,61774,889,8,555.97,493.89
2024-03-01,9,38260,341,2,344.35,125.92
2024-03-02,9,26138,227,1,235.25,44.41
2024-03-03,9,45140,678,6,406.26,377.8
2024-03-04,9,53817,675,5,484.36,283.07
2024-03-05,9,57948,782,7,521.54,372.32
2024-03-06,9,39591,365,2,356.33,88.92
2024-03-07,9,46065,494,3,414.59,184.89
2024-03-08,9,55126,708,6,496.14,373.83
2024-03-09,9,45110,677,6,405.99,275.63
2024-03-10,9,43482,629,6,391.34,296.12
2024-03-11,9,54222,685,5,488.0,277.64
2024-03-12,9,48258,542,4,434.33,203.3
2024-03-13,9,46520,504,3,418.69,153.98
2024-03-14,9,41227,396,2,371.05,110.46
2024-03-15,9,39556,364,2,356.01,110.44
2024-03-16,9,44810,668,6,403.3,310.12
2024-03-17,9,40950,558,5,368.55,310.08
2024-03-18,9,61208,873,8,550.87,393.58
2024-03-19,9,40557,383,2,365.02,96.68
2024-03-20,9,54640,695,5,491.77,303.62
2024-03-21,9,56280,738,6,506.53,287.38
2024-03-22,9,59905,836,7,539.15,384.09
2024-03-23,9,41535,574,5,373.82,303.59
2024-03-24,9,34929,406,3,314.37,192.99
2024-03-25,9,53469,666,5,481.23,289.88
2024-03-26,9,55323,713,6,497.91,378.08
2024-03-27,9,55407,715,6,498.66,283.93
2024-03-28,9,38143,339,2,343.29,107.46
2024-03-29,9,45387,480,3,408.49,150.13
2024-03-30,9,26438,232,1,237.95,55.16
2024-03-31,9,31935,339,2,287.42,107.88
2024-04-01,9,37791,332,1,340.12,62.3
2024-04-02,9,38404,343,2,345.64,126.03
2024-04-03,9,62451,909,8,562.06,460.24
2024-04-04,9,51696,622,4,465.26,216.72
2024-04-05,9,53155,658,5,478.4,307.1
2024-04-06,9,44593,662,6,401.34,323.36
2024-04-07,9,42732,608,5,384.6,291.7
2024-04-08,9,45965,492,3,413.69,163.39
2024-02-10,10,21859,431,11,54.65,680.42
2024-02-11,10,21074,401,10,52.69,869.74
2024-02-12,10,35792,810,25,89.48,2035.74
2024-02-13,10,39611,992,34,99.03,2216.01
2024-02-14,10,33524,711,21,83.81,1535.79
2024-02-15,10,38068,917,30,95.17,2270.47
2024-02-16,10,31415,624,17,78.54,1210.15
2024-02-17,10,24050,522,15,60.13,1083.95
2024-02-18,10,24970,563,17,62.43,1324.92
2024-02-19,10,46359,1360,55,115.9,4368.05
2024-02-20,10,29214,540,13,73.04,816.86
2024-02-21,10,43731,1210,46,109.33,3152.12
2024-02-22,10,44806,1270,50,112.02,3984.85
2024-02-23,10,49135,1527,66,122.84,5689.09
2024-02-24,10,24887,559,17,62.22,1317.2
2024-02-25,10,21703,425,11,54.26,775.44
2024-02-26,10,50589,1619,72,126.47,5828.72
2024-02-27,10,36943,863,28,92.36,2179.83
2024-02-28,10,49885,1574,69,124.71,4780.83
2024-02-29,10,36580,846,27,91.45,2261.25
2024-03-01,10,46927,1393,57,117.32,4565.9
2024-03-02,10,33110,991,41,82.78,3368.69
2024-03-03,10,30729,853,33,76.82,2501.13
2024-03-04,10,42965,1168,44,107.41,3198.9
2024-03-05,10,36228,830,26,90.57,1842.83
2024-03-06,10,31925,645,18,79.81,1195.66
2024-03-07,10,50114,1589,70,125.29,5221.17
2024-03-08,10,33022,690,20,82.56,1282.54
2024-03-09,10,20637,385,10,51.59,853.33
2024-03-10,10,21034,400,10,52.59,831.26
2024-03-11,10,47446,1424,59,118.62,5104.12
2024-03-12,10,28547,515,13,71.37,911.34
2024-03-13,10,45815,1328,53,114.54,3388.37
2024-03-14,10,36581,846,27,91.45,1751.42
2024-03-15,10,47357,1419,59,118.39,4904.84
2024-03-16,10,32780,971,40,81.95,2598.65
2024-03-17,10,26618,640,21,66.55,1518.84
2024-03-18,10,43684,1207,46,109.21,3087.79
2024-03-19,10,38181,922,31,95.45,2124.98
2024-03-20,10,45394,1304,52,113.49,3820.33
2024-03-21,10,40310,1028,36,100.78,2494.23
2024-03-22,10,46818,1387,57,117.05,4222.02
2024-03-23,10,33212,997,41,83.03,2912.44
2024-03-24,10,35071,1111,49,87.68,4387.13
2024-03-25,10,38595,942,32,96.49,2190.5
2024-03-26,10,36703,852,27,91.76,2047.24
2024-03-27,10,50555,1617,72,126.39,6084.49
2024-03-28,10,46644,1376,56,116.61,3592.51
2024-03-29,10,33578,713,21,83.95,1663.94
2024-03-30,10,33859,1036,44,84.65,3371.99
2024-03-31,10,21059,400,10,52.65,853.77
2024-04-01,10,47827,1447,61,119.57,4181.67
2024-04-02,10,45740,1324,53,114.35,3613.74
2024-04-03,10,49110,1526,66,122.78,4251.75
2024-04-04,10,38021,914,30,95.05,2651.77
2024-04-05,10,32915,685,19,82.29,1397.14
2024-04-06,10,25157,572,18,62.89,1094.4
2024-04-07,10,20240,370,9,50.6,675.54
2024-04-08,10,33241,699,20,83.1,1796.72
2024-04-09,10,36539,844,27,91.35,1642.83
2024-04-10,10,49715,1564,68,124.29,5791.92
2024-04-11,10,43058,1173,44,107.65,3684.62
2024-04-12,10,30914,604,16,77.29,1097.7
2024-04-13,10,33123,991,41,82.81,3316.17
2024-04-14,10,21659,424,11,54.15,892.83
2024-04-15,10,38285,927,31,95.71,1864.88
2024-10-22,11,90217,809,4,811.96,198.52
2024-10-23,11,144941,2088,20,1304.48,1121.47
2024-10-24,11,137141,1870,16,1234.27,889.78
2024-10-25,11,92531,851,5,832.79,251.69
2024-10-26,11,74401,786,5,669.61,225.25
2024-10-27,11,80416,918,6,723.75,368.79
2024-10-28,11,117581,1374,10,1058.23,464.39
2024-10-29,11,150024,2237,22,1350.22,1256.82
2024-10-30,11,85670,729,4,771.04,221.35
2024-10-31,11,101999,1034,6,918.0,282.95
2024-11-01,11,115562,1327,10,1040.06,575.26
2024-11-02,11,71330,722,4,641.97,212.66
2024-11-03,11,92812,1223,10,835.31,458.84
2024-11-04,11,155057,2390,24,1395.52,1091.73
2024-11-05,11,122573,1493,12,1103.16,661.93
2024-11-06,11,156047,2421,25,1404.43,1404.78
2024-11-07,11,112754,1264,9,1014.79,489.09
2024-11-08,11,130510,1693,14,1174.6,918.16
2024-11-09,11,71993,736,5,647.94,221.79
2024-11-10,11,99105,1395,13,891.95,670.61
2024-11-11,11,137554,1881,17,1237.99,982.97
2024-11-12,11,140346,1958,18,1263.12,1083.13
2024-11-13,11,108558,1171,8,977.03,359.8
2024-11-14,11,124018,1529,12,1116.17,742.77
2024-11-15,11,97159,938,6,874.43,366.85
2024-11-16,11,82687,971,7,744.19,415.09
2024-11-17,11,91158,1180,10,820.42,618.53
2024-11-18,11,89049,788,4,801.45,244.3
2024-11-19,11,117622,1375,10,1058.6,504.56
2024-11-20,11,87652,763,4,788.87,193.55
2024-11-21,11,87515,761,4,787.64,258.14
2024-11-22,11,121800,1475,11,1096.21,723.37
2024-11-23,11,86661,1066,8,779.96,396.58
2024-11-24,11,97319,1345,12,875.88,578.45
2024-11-25,11,110329,1210,8,992.97,489.43
2024-11-26,11,147174,2153,21,1324.57,1077.35
2024-11-27,11,93494,869,5,841.45,260.48
2024-11-28,11,148890,2204,21,1340.01,1267.41
2024-11-29,11,149263,2215,21,1343.37,1102.63
2024-11-30,11,108492,1671,17,976.44,933.58
2024-12-01,11,84355,1010,8,759.2,514.68
2024-12-02,11,122082,1481,11,1098.74,677.88
2024-12-03,11,137130,1869,16,1234.17,731.78
2024-05-28,12,48282,922,14,1042.9,1027.33
2024-05-29,12,46727,864,13,1009.31,784.57
2024-05-30,12,34025,458,5,734.95,345.92
2024-05-31,12,40205,639,8,868.43,541.35
2024-06-01,12,30428,523,7,657.26,489.54
2024-06-02,12,29004,475,6,626.49,318.61
2024-06-03,12,55585,1222,22,1200.64,1345.66
2024-06-04,12,59081,1381,26,1276.17,1537.6
2024-06-05,12,58587,1358,26,1265.48,1992.78
2024-06-06,12,33888,454,5,731.99,342.88
2024-06-07,12,41755,689,9,901.93,655.46
2024-06-08,12,35267,703,11,761.79,844.5
2024-06-09,12,25015,353,4,540.35,271.19
2024-06-10,12,53163,1118,19,1148.34,1005.19
2024-06-11,12,33675,448,4,727.39,288.97
2024-06-12,12,41838,692,9,903.7,557.59
2024-06-13,12,47321,886,13,1022.15,880.52
2024-06-14,12,50373,1004,16,1088.06,1226.71
2024-06-15,12,29395,488,6,634.94,431.04
2024-06-16,12,33252,625,9,718.26,591.89
2024-06-17,12,42703,721,10,922.4,688.89
2024-06-18,12,38652,591,7,834.9,384.65
2024-06-19,12,51918,1066,18,1121.44,1169.55
2024-06-20,12,42402,711,9,915.88,599.43
2024-06-21,12,38984,601,7,842.07,411.37
2024-06-22,12,30814,536,7,665.58,545.34
2024-06-23,12,27744,435,5,599.27,379.14
2024-06-24,12,45246,810,12,977.32,662.26
2024-06-25,12,55115,1202,21,1190.5,1338.82
2024-06-26,12,56366,1257,23,1217.53,1462.18
2024-06-27,12,34236,463,5,739.51,348.65
2024-06-28,12,54916,1193,21,1186.19,1266.49
2024-06-29,12,28925,472,6,624.79,322.13
2024-06-30,12,32646,602,9,705.16,676.57
2024-07-01,12,55075,1200,21,1189.63,1480.65
2024-07-02,12,57148,1292,24,1234.41,1645.92
2024-05-22,13,83340,2450,100,208.35,7526.27
2024-05-23,13,54757,1057,28,136.89,1848.82
2024-05-24,13,55502,1086,29,138.76,2427.62
2024-05-25,13,35501,635,15,88.75,1149.31
2024-05-26,13,45697,1052,33,114.24,2775.63
2024-05-27,13,73050,1882,67,182.63,5250.02
2024-05-28,13,53263,1000,26,133.16,1801.25
2024-05-29,13,92093,2992,136,230.23,11092.99
2024-05-30,13,71947,1826,64,179.87,5316.8
2024-05-31,13,84600,2525,105,211.5,6532.31
2024-06-01,13,63655,2042,91,159.14,7213.58
2024-06-02,13,48109,1166,39,120.27,3135.73
2024-06-03,13,64244,1456,46,160.61,3971.59
2024-06-04,13,82769,2417,98,206.92,7760.99
2024-06-05,13,57334,1159,32,143.34,2847.61
2024-06-06,13,67990,1631,54,169.98,4715.35
2024-06-07,13,51954,952,24,129.89,1529.4
2024-06-08,13,39272,777,21,98.18,1363.73
2024-06-09,13,44320,990,30,110.8,2438.4
2024-06-10,13,64308,1459,46,160.77,4058.45
2024-06-11,13,87644,2710,117,219.11,9989.23
2024-06-12,13,60252,1280,38,150.63,3003.97
2024-06-13,13,73016,1881,67,182.54,4271.59
2024-06-14,13,62472,1377,42,156.18,3192.18
2024-06-15,13,49674,1243,43,124.19,2797.54
2024-06-16,13,62740,1984,87,156.85,5622.45
2024-06-17,13,77602,2124,81,194.01,6611.14
2024-06-18,13,75324,2001,74,188.31,6310.42
2024-06-19,13,73559,1909,69,183.9,5848.24
2024-06-20,13,50804,910,22,127.01,1350.0
2024-06-21,13,76868,2084,79,192.17,6106.95
2024-06-22,13,54095,1475,56,135.24,4648.49
2024-06-23,13,47116,1118,37,117.79,2929.28
2024-06-24,13,70771,1767,61,176.93,4807.71
2024-06-25,13,61913,1352,41,154.78,3636.68
2024-06-26,13,70129,1735,60,175.32,5048.44
2024-06-27,13,78719,2186,85,196.8,5858.46
2024-06-28,13,52700,979,25,131.75,1544.93
2024-06-29,13,47801,1151,38,119.5,2832.05
2024-06-30,13,40790,838,24,101.98,1876.8
2024-07-01,13,62887,1395,43,157.22,3506.69
2024-07-02,13,80811,2304,91,202.03,7809.92
2024-07-03,13,91064,2925,131,227.66,8373.91
2024-07-04,13,65351,1506,48,163.38,3688.78
2024-07-05,13,63164,1407,43,157.91,3181.75
2024-07-06,13,42678,918,27,106.7,1820.81
2024-07-07,13,37599,712,18,94.0,1236.71
2024-07-08,13,65929,1533,49,164.82,3844.6
2024-07-09,13,60152,1276,37,150.38,3180.49
2024-07-10,13,56387,1121,31,140.97,2164.52
2024-07-11,13,74157,1940,71,185.39,4926.08
2024-07-12,13,82040,2374,96,205.1,7195.0
2024-07-13,13,50036,1261,44,125.09,3298.36
2024-07-14,13,43900,971,30,109.75,1820.86
2024-07-15,13,89782,2844,126,224.46,9470.58
2024-07-16,13,90694,2902,130,226.74,8639.06
2024-07-17,13,64600,1472,46,161.5,2829.75
2024-07-18,13,70637,1760,61,176.59,5274.68
2024-07-19,13,77412,2114,80,193.53,5929.41
2024-07-20,13,50690,1295,46,126.73,3929.1
2024-07-08,14,12312,212,3,265.94,224.83
2024-07-09,14,14597,298,5,315.31,359.3
2024-07-10,14,11811,195,2,255.12,124.83
2024-07-11,14,13385,251,3,289.14,171.18
2024-07-12,14,13254,246,3,286.3,161.74
2024-07-13,14,9014,162,2,194.7,143.75
2024-07-14,14,7802,121,1,168.54,77.72
2024-07-15,14,14234,283,4,307.47,220.36
2024-07-16,14,16505,381,7,356.52,435.69
2024-07-17,14,15117,320,5,326.53,304.08
2024-07-18,14,16227,369,6,350.51,429.77
2024-07-19,14,10525,155,1,227.34,65.24
2024-07-20,14,8991,161,2,194.22,106.36
2024-07-21,14,7032,99,1,151.91,60.66
2024-07-22,14,12642,223,3,273.07,191.65
2024-07-23,14,13663,261,4,295.13,261.61
2024-07-24,14,11518,185,2,248.8,135.88
2024-07-25,14,10243,147,1,221.26,77.76
2024-07-26,14,14688,302,5,317.28,298.9
2024-07-27,14,8108,131,1,175.14,73.54
2024-07-28,14,9165,168,2,197.98,140.85
2024-07-29,14,11301,178,2,244.11,146.42
2024-07-30,14,11829,196,2,255.52,139.04
2024-07-31,14,16542,383,7,357.32,470.23
2024-08-01,14,15131,320,5,326.84,354.29
2024-08-02,14,14293,286,4,308.74,210.77
2024-08-03,14,8853,156,2,191.25,154.29
2024-08-04,14,10517,221,3,227.17,216.54
2024-08-05,14,13442,253,3,290.36,212.27
2024-08-06,14,13488,254,4,291.34,225.73
2024-08-07,14,13838,268,4,298.92,272.45
2024-08-08,14,15473,335,6,334.23,335.05
2024-08-09,14,14237,284,4,307.52,211.28
2024-08-10,14,11408,260,4,246.43,219.43
2024-08-11,14,6395,81,0,138.15,0.0
2024-08-12,14,10158,144,1,219.41,69.95
2024-08-13,14,12153,206,2,262.52,144.3
2024-08-14,14,16085,362,6,347.44,448.16
2024-08-15,14,14661,301,5,316.7,268.1
2024-08-16,14,10055,141,1,217.19,57.39
2024-08-17,14,8047,129,1,173.82,69.22
2024-08-18,14,9128,166,2,197.18,120.32
2024-08-19,14,10325,149,1,223.04,75.72
2024-08-20,14,11629,189,2,251.19,122.42
2024-08-21,14,14940,312,5,322.71,353.72
2024-08-22,14,13948,272,4,301.29,280.1
2024-08-23,14,13692,262,4,295.76,228.0
2024-08-24,14,7623,116,1,164.67,66.51
2024-08-25,14,7506,112,1,162.15,77.3
2024-08-26,14,11284,178,2,243.75,119.03
2024-08-27,14,10588,157,1,228.71,70.33
2024-08-28,14,11434,183,2,246.98,122.14
2024-08-29,14,16186,367,6,349.63,436.08
2024-03-28,15,5950,179,3,520.64,216.43
2024-03-29,15,7615,294,8,666.39,647.28
2024-03-30,15,6209,279,8,543.29,766.6
2024-03-31,15,6135,273,8,536.82,762.86
2024-04-01,15,6020,184,4,526.78,311.12
2024-04-02,15,7770,306,8,679.96,638.21
2024-04-03,15,6648,224,5,581.71,383.6
2024-04-04,15,6799,234,5,594.98,374.35
2024-04-05,15,7045,252,6,616.49,598.34
2024-04-06,15,5387,210,5,471.42,363.34
2024-04-07,15,5154,192,5,451.05,439.76
2024-04-08,15,5822,172,3,509.43,272.32
2024-04-09,15,7014,250,6,613.76,538.14
2024-04-10,15,5037,128,2,440.75,164.1
2024-04-11,15,7784,307,8,681.12,571.35
2024-04-12,15,8004,325,9,700.43,613.59
2024-04-13,15,4965,179,4,434.52,398.36
2024-04-14,15,4551,150,3,398.22,299.37
2024-04-15,15,8449,362,11,739.34,926.57
2024-04-16,15,5644,161,3,493.89,302.32
2024-04-17,15,6147,192,4,537.89,359.84
2024-04-18,15,8571,373,11,750.02,781.46
2024-04-19,15,7192,262,6,629.34,517.17
2024-04-20,15,5465,216,6,478.24,599.08
2024-04-21,15,6015,262,8,526.35,591.62
2024-04-22,15,8465,364,11,740.73,813.74
2024-04-23,15,8619,377,11,754.25,1120.94
2024-04-24,15,6460,212,4,565.3,339.37
2024-04-25,15,8690,383,12,760.38,1208.55
2024-04-26,15,8646,379,11,756.56,1075.9
2024-04-27,15,3401,83,1,297.59,87.31
2024-04-28,15,3684,98,1,322.4,101.42
2024-04-29,15,5996,182,3,524.65,304.89
2024-04-30,15,7065,253,6,618.19,508.76
2024-05-01,15,8698,384,12,761.09,1163.23
2024-05-02,15,6754,231,5,590.98,372.78
2024-05-03,15,5285,141,2,462.5,147.05
2024-05-04,15,4701,160,3,411.38,230.24
2024-05-05,15,3912,111,2,342.37,186.09
2024-05-06,15,8087,332,9,707.66,785.74
2024-05-07,15,7949,321,9,695.55,665.7
2024-05-08,15,8357,354,10,731.29,984.99
2024-05-09,15,8237,344,10,720.75,855.2
2024-05-10,15,5178,136,2,453.14,181.51
2024-05-11,15,3908,110,2,342.01,145.56
2024-05-12,15,4310,134,2,377.14,152.87
2024-05-13,15,5897,176,3,516.06,228.02
2024-05-14,15,7934,319,9,694.28,903.93
2024-05-15,15,6067,187,4,530.94,370.31
2024-05-16,15,4867,120,2,425.91,180.45
2024-05-17,15,7682,299,8,672.23,560.9
2024-05-18,15,3716,100,1,325.16,78.43
2024-05-19,15,4546,150,3,397.84,255.26
2024-05-20,15,8518,368,11,745.38,1011.13
2024-05-21,15,6105,189,4,534.2,287.97
2024-05-22,15,8605,376,11,752.98,858.34
2024-05-23,15,7359,275,7,643.98,528.15
2024-05-24,15,5372,146,2,470.07,146.42
2024-05-25,15,5536,222,6,484.47,531.57
2024-05-26,15,4576,152,3,400.48,260.02
2024-05-27,15,6765,232,5,591.99,431.38
2024-05-28,15,7564,290,7,661.86,527.98
2024-05-29,15,5842,173,3,511.24,280.98
2024-05-30,15,8427,360,11,737.44,778.62
2024-05-31,15,6666,225,5,583.29,459.64
2024-07-13,16,64802,1209,31,162.01,2384.68
2024-07-14,16,63951,1178,30,159.88,2292.88
2024-07-15,16,124360,3119,109,310.9,8412.73
2024-07-16,16,97911,1933,53,244.78,3701.71
2024-07-17,16,125465,3174,112,313.66,7110.57
2024-07-18,16,102042,2100,60,255.11,4649.67
2024-07-19,16,93530,1764,46,233.83,3464.32
2024-07-20,16,102837,3047,126,257.09,9273.97
2024-07-21,16,87456,2203,77,218.64,5675.2
2024-07-22,16,91060,1672,42,227.65,3102.6
2024-07-23,16,146778,4345,180,366.95,14705.71
2024-07-24,16,116213,2723,89,290.53,7519.93
2024-07-25,16,142233,4080,163,355.58,12607.94
2024-07-26,16,90134,1638,41,225.34,2883.77
2024-07-27,16,64055,1182,30,160.14,2694.71
2024-07-28,16,109391,3447,152,273.48,9434.73
2024-07-29,16,156212,4921,217,390.53,13226.59
2024-07-30,16,117174,2769,91,292.94,7559.29
2024-07-31,16,143722,4166,169,359.31,15100.15
2024-08-01,16,134801,3664,139,337.0,10092.91
2024-08-02,16,160606,5202,235,401.52,16796.48
2024-08-03,16,106009,3237,138,265.02,12034.02
2024-08-04,16,80292,1857,60,200.73,4828.91
2024-08-05,16,135985,3729,143,339.96,10893.6
2024-08-06,16,135370,3696,141,338.43,9931.07
2024-08-07,16,100039,2018,57,250.1,4338.71
2024-08-08,16,126097,3206,114,315.24,9329.27
2024-08-09,16,103328,2153,62,258.32,3726.46
2024-08-10,16,61920,1104,27,154.8,1861.67
2024-08-11,16,95799,2644,102,239.5,7786.0
2024-08-12,16,126327,3218,114,315.82,9655.89
2024-08-13,16,105174,2231,66,262.94,4645.4
2024-08-14,16,107267,2320,70,268.17,6168.56
2024-08-15,16,140687,3992,158,351.72,10014.88
2024-08-16,16,146968,4356,180,367.42,13063.9
2024-08-17,16,100617,2916,118,251.54,10208.5
2024-08-18,16,61551,1091,27,153.88,1786.93
2024-08-19,16,94270,1792,47,235.68,2867.34
2024-08-20,16,131224,3473,128,328.06,10380.62
2024-08-21,16,90386,1647,42,225.97,3453.08
2024-08-22,16,116683,2746,90,291.71,6032.72
2024-08-23,16,102925,2136,62,257.31,5326.54
2024-08-24,16,63675,1168,30,159.19,2253.51
2024-08-25,16,75795,1655,50,189.49,4223.68
2024-08-26,16,141170,4019,160,352.93,11130.74
2024-08-27,16,131234,3473,128,328.09,10262.52
2024-08-28,16,110614,2467,77,276.54,5317.08
2024-08-29,16,97421,1914,52,243.55,4149.93
2024-06-15,17,10467,156,1,226.1,59.81
2024-06-16,17,9260,122,1,200.02,76.66
2024-06-17,17,22051,487,8,476.31,605.61
2024-06-18,17,19317,373,6,417.25,378.64
2024-06-19,17,17912,321,4,386.91,309.12
2024-06-20,17,22718,517,9,490.71,625.09
2024-06-21,17,21039,443,7,454.45,422.01
2024-06-22,17,11940,204,2,257.92,111.76
2024-06-23,17,11639,193,2,251.42,143.23
2024-06-24,17,17674,313,4,381.77,296.33
2024-06-25,17,15812,250,3,341.55,211.19
2024-06-26,17,21254,452,8,459.1,606.27
2024-06-27,17,18631,347,5,402.45,385.81
2024-06-28,17,18576,345,5,401.26,277.43
2024-06-29,17,10632,161,2,229.65,114.57
2024-06-30,17,13678,267,4,295.45,303.91
2024-07-01,17,21700,471,8,468.73,435.23
2024-07-02,17,20379,416,7,440.2,398.67
2024-07-03,17,15464,239,3,334.04,208.55
2024-07-04,17,19068,364,5,411.88,373.57
2024-07-05,17,14599,213,2,315.35,143.61
2024-07-06,17,14263,291,4,308.1,266.12
2024-07-07,17,12416,220,3,268.19,223.82
2024-07-08,17,16159,261,3,349.05,230.65
2024-07-09,17,12737,162,1,275.12,76.37
2024-07-10,17,22938,527,10,495.48,550.5
2024-07-11,17,23342,546,10,504.21,644.52
2024-07-12,17,15185,231,2,328.02,135.43
2024-07-13,17,10342,153,1,223.41,75.79
2024-07-14,17,12964,240,3,280.04,216.49
2024-07-15,17,16673,278,3,360.15,197.62
2024-07-16,17,16443,270,3,355.17,176.4
2024-07-17,17,18097,328,4,390.91,259.72
2024-07-18,17,13634,186,2,294.5,155.03
2024-07-19,17,17630,311,4,380.83,295.33
2024-07-20,17,15697,352,6,339.06,369.83
2024-07-21,17,11922,203,2,257.53,133.25
2024-07-22,17,14956,224,2,323.05,111.59
2024-07-23,17,15381,237,3,332.25,228.91
2024-07-24,17,18812,354,5,406.35,314.29
2024-07-25,17,14214,202,2,307.03,121.15
2024-07-26,17,16664,278,3,359.96,221.0
2024-07-27,17,12566,226,3,271.44,207.06
2024-07-28,17,13966,279,4,301.67,234.76
2024-07-29,17,21425,460,8,462.78,617.03
2024-07-30,17,19486,380,6,420.91,388.53
2024-07-31,17,14384,207,2,310.71,145.34
2024-08-01,17,14395,207,2,310.95,141.46
2024-08-02,17,17833,318,4,385.21,303.36
2024-08-03,17,12889,237,3,278.42,206.06
2024-08-04,17,9243,122,1,199.65,52.88
2024-08-05,17,21695,471,8,468.63,612.6
2024-08-06,17,19772,391,6,427.08,431.24
2024-08-07,17,17015,290,4,367.54,295.62
2024-08-08,17,15065,227,2,325.42,140.77
2024-08-09,17,12670,160,1,273.68,65.15
2024-08-10,17,11615,193,2,250.89,136.13
2024-08-11,17,13829,273,4,298.72,272.12
2024-08-12,17,17778,316,4,384.02,258.74
2024-08-13,17,12643,160,1,273.09,66.34
2024-08-14,17,12699,161,1,274.31,65.76
2024-08-15,17,15532,241,3,335.5,232.24
2024-08-16,17,12756,163,1,275.54,73.14
2024-08-17,17,13884,276,4,299.91,291.84
2024-08-18,17,15662,351,6,338.31,328.69
2024-08-19,17,13609,185,2,293.97,111.74
2024-08-20,17,14639,214,2,316.22,131.38
2024-08-21,17,21356,457,8,461.3,471.6
2024-08-22,17,16848,284,3,363.93,185.1
2024-08-23,17,16947,287,4,366.06,266.76
2024-08-24,17,16269,378,7,351.42,405.11
2024-08-25,17,13960,279,4,301.54,296.18
2024-08-26,17,19616,385,6,423.71,445.88
2024-08-27,17,20756,431,7,448.35,381.02
2024-08-28,17,16658,278,3,359.83,199.11
2024-08-29,17,13176,174,1,284.61,52.25
2024-08-30,17,14418,208,2,311.44,129.99
2024-08-31,17,12073,208,2,260.78,144.79
2024-09-01,17,13068,244,3,282.28,222.92
2024-09-02,17,13599,185,2,293.75,131.46
2024-09-03,17,13030,170,1,281.45,57.5
2024-09-04,17,21926,481,8,473.61,600.61
2024-09-05,17,17695,313,4,382.23,212.84
2024-09-06,17,13372,179,1,288.86,76.07
2024-01-17,18,12663,282,5,273.53,333.26
2024-01-18,18,7352,95,1,158.82,76.15
2024-01-19,18,9078,145,1,196.1,77.0
2024-01-20,18,7524,142,2,162.53,143.12
2024-01-21,18,8063,163,2,174.18,124.71
2024-01-22,18,7622,102,1,164.65,56.22
2024-01-23,18,8625,131,1,186.3,73.7
2024-01-24,18,9536,160,2,205.99,150.62
2024-01-25,18,9184,148,1,198.39,71.65
2024-01-26,18,8009,113,1,172.99,77.7
2024-01-27,18,8112,165,2,175.24,130.04
2024-01-28,18,9186,212,4,198.43,213.58
2024-01-29,18,9830,170,2,212.34,147.61
2024-01-30,18,9238,150,2,199.56,143.99
2024-01-31,18,13004,297,5,280.89,311.57
2024-02-01,18,11892,249,4,256.88,211.08
2024-02-02,18,8826,137,1,190.65,77.81
2024-02-03,18,7110,127,1,153.59,61.25
2024-02-04,18,9043,205,3,195.35,189.68
2024-02-05,18,11317,225,3,244.46,207.53
2024-02-06,18,7676,103,1,165.81,68.08
2024-02-07,18,12042,255,4,260.13,282.16
2024-02-08,18,7654,103,1,165.33,56.01
2024-02-09,18,11513,233,3,248.69,205.44
2024-02-10,18,8179,168,2,176.68,120.47
2024-02-11,18,5462,75,0,118.0,0.0
2024-02-12,18,9040,144,1,195.28,61.36
2024-02-13,18,8804,136,1,190.18,55.45
2024-02-14,18,8299,121,1,179.28,63.67
2024-02-15,18,10551,196,3,227.91,187.83
2024-02-16,18,7312,94,1,157.94,61.2
2024-02-17,18,5405,73,0,116.75,0.0
2024-02-18,18,6397,103,1,138.19,62.02
2024-02-19,18,8940,140,1,193.11,62.08
2024-02-20,18,7670,103,1,165.68,75.43
2024-02-21,18,12699,284,5,274.31,387.16
2024-02-22,18,10657,200,3,230.19,169.23
2024-02-23,18,9484,158,2,204.87,111.22
2024-02-24,18,6297,99,1,136.03,64.82
2024-02-25,18,5277,70,0,113.99,0.0
2024-02-26,18,9732,166,2,210.22,129.18
2024-02-27,18,7622,102,1,164.65,58.54
2024-02-28,18,8662,132,1,187.11,68.25
2024-02-29,18,10790,205,3,233.08,171.25
2024-03-01,18,7806,107,1,168.63,59.92
2024-03-02,18,9076,207,3,196.06,181.91
2024-03-03,18,7666,147,2,165.6,145.81
2024-03-04,18,9171,148,1,198.1,60.7
2024-03-05,18,12149,260,4,262.43,297.39
2024-03-06,18,13122,303,5,283.45,277.7
2024-03-07,18,9116,146,1,196.92,76.63
2024-03-08,18,8382,123,1,181.06,60.17
2024-03-09,18,9144,210,4,197.52,308.75
2024-03-10,18,6256,98,1,135.14,70.07
2024-03-11,18,10160,181,2,219.47,133.95
2024-03-12,18,8637,131,1,186.56,61.78
2024-03-13,18,12155,260,4,262.57,248.87
2024-03-14,18,7849,108,1,169.54,66.66
2024-03-15,18,10781,204,3,232.88,198.56
2024-03-16,18,7930,158,2,171.31,132.61
2024-03-17,18,9094,208,3,196.45,192.01
2024-03-18,18,11493,232,3,248.25,190.2
2024-03-19,18,8936,140,1,193.04,70.01
2024-03-20,18,12171,261,4,262.9,290.75
2024-03-21,18,9659,164,2,208.64,129.96
2024-03-22,18,11033,214,3,238.32,174.88
2024-03-23,18,7831,154,2,169.17,141.19
2024-03-24,18,8391,177,3,181.26,161.77
2024-03-25,18,13223,308,5,285.63,322.3
2024-03-26,18,9607,162,2,207.53,130.34
2024-03-27,18,12792,288,5,276.32,349.92
2024-03-28,18,10483,193,2,226.44,145.12
2024-03-29,18,9354,154,2,202.07,150.57
2024-03-30,18,7309,134,2,157.89,137.19
2024-03-31,18,5370,72,0,116.0,0.0
2024-04-01,18,11181,220,3,241.53,183.69
2024-04-02,18,11117,217,3,240.13,159.46
2024-04-03,18,13180,306,5,284.69,348.07
2024-04-04,18,9600,162,2,207.37,143.14
2024-04-05,18,13070,300,5,282.32,315.96
2024-04-06,18,5051,64,0,109.1,0.0
2024-04-07,18,7196,130,1,155.45,65.49
2024-04-18,19,6423,235,6,562.04,525.35
2024-04-19,19,5927,200,4,518.7,325.19
2024-04-20,19,4989,203,5,436.62,440.06
2024-04-21,19,4290,150,3,375.4,239.19
2024-04-22,19,4379,109,1,383.2,71.55
2024-04-23,19,5818,193,4,509.11,402.79
2024-04-24,19,4715,127,2,412.64,199.97
2024-04-25,19,4809,132,2,420.87,157.21
2024-04-26,19,5963,203,4,521.77,300.13
2024-04-27,19,4245,147,3,371.45,252.57
2024-04-28,19,4129,139,3,361.37,275.07
2024-04-29,19,5461,170,3,477.89,234.63
2024-04-30,19,7267,301,8,635.92,575.3
2024-05-01,19,7411,313,9,648.46,810.28
2024-05-02,19,6778,262,7,593.12,515.12
2024-05-03,19,7906,357,11,691.8,839.22
2024-05-04,19,3451,97,1,301.99,73.44
2024-05-05,19,4443,161,4,388.77,402.35
2024-05-06,19,5141,150,3,449.88,245.31
2024-05-07,19,4967,140,2,434.63,179.55
2024-05-08,19,5877,197,4,514.31,275.97
2024-05-09,19,6546,244,6,572.85,448.25
2024-05-10,19,6466,238,6,565.8,487.32
2024-05-11,19,4815,189,5,421.4,374.98
2024-05-12,19,4938,198,5,432.12,477.48
2024-05-13,19,4519,116,2,395.42,142.92
2024-05-14,19,7494,320,9,655.8,669.21
2024-05-15,19,5487,171,3,480.16,250.67
2024-05-16,19,5253,157,3,459.69,291.99
2024-05-17,19,6229,221,5,545.05,448.65
2024-05-18,19,4538,168,4,397.13,355.14
2024-05-19,19,4513,166,4,394.89,319.32
2024-05-20,19,7397,312,9,647.29,800.91
2024-05-21,19,7280,302,8,637.06,736.03
2024-05-22,19,5382,165,3,470.98,266.68
2024-05-23,19,4600,120,2,402.56,145.11
2024-05-24,19,4722,127,2,413.21,156.77
2024-05-25,19,3473,98,1,303.93,91.58
2024-05-26,19,4316,152,3,377.73,246.66
2024-05-27,19,4795,131,2,419.65,162.09
2024-05-28,19,4972,141,2,435.05,179.21
2024-05-29,19,6838,267,7,598.36,629.57
2024-05-30,19,7965,362,11,696.95,955.54
2024-05-31,19,6089,211,5,532.81,363.85
2024-06-01,19,3811,118,2,333.54,166.67
2024-06-02,19,3140,80,1,274.78,80.21
2024-06-03,19,4324,106,1,378.38,72.64
2024-06-04,19,7286,303,9,637.54,906.93
2024-06-05,19,6147,215,5,537.89,424.14
2024-06-06,19,6806,264,7,595.55,574.92
2024-06-07,19,7376,310,9,645.48,761.54
2024-06-08,19,3215,84,1,281.32,69.05
2024-06-09,19,4960,200,5,434.08,389.66
2024-06-10,19,5299,160,3,463.71,258.84
2024-06-11,19,4907,137,2,429.41,167.1
2024-06-12,19,7018,281,8,614.15,752.33
2024-06-13,19,6310,227,5,552.14,359.25
2024-06-14,19,4708,126,2,412.04,188.71
2024-06-15,19,5121,214,6,448.09,482.84
2024-06-16,19,5119,213,6,447.94,416.49
2024-06-17,19,6932,274,7,606.58,606.03
2024-06-18,19,7927,358,11,693.69,786.3
2024-06-19,19,7340,307,9,642.32,841.91
2024-06-20,19,5383,165,3,471.07,305.93
2024-06-21,19,5942,201,4,519.97,319.41
2024-06-22,19,5104,212,6,446.62,497.57
2024-06-23,19,5560,252,8,486.53,754.97
2024-06-24,19,5160,152,3,451.52,286.69
2024-06-25,19,6450,237,6,564.42,479.53
2024-06-26,19,6902,272,7,603.94,626.6
2024-06-27,19,4899,137,2,428.69,145.47
2024-06-28,19,5048,145,2,441.76,150.07
2024-06-29,19,3155,81,1,276.07,79.93
2024-06-30,19,3725,113,2,326.0,172.64
2024-07-01,19,5478,171,3,479.41,275.81
2024-07-02,19,5352,163,3,468.37,231.27
2024-07-03,19,7443,316,9,651.31,913.56
2024-07-04,19,6786,263,7,593.82,498.66
2024-07-05,19,7828,350,11,685.01,1041.85
2024-07-06,19,5366,234,7,469.6,712.21
2024-07-07,19,5233,223,6,457.95,433.89
2024-07-08,19,7473,319,9,653.9,688.4
2024-07-09,19,6904,272,7,604.14,673.18
2024-07-10,19,7088,286,8,620.25,727.94
2024-07-11,19,6088,211,5,532.75,438.16
2024-07-12,19,5277,159,3,461.74,246.25
2024-07-13,19,4165,141,3,364.49,268.63
2024-07-14,19,5267,226,6,460.89,426.99
2024-07-15,19,6184,218,5,541.16,387.3
2024-09-12,20,37876,860,16,818.14,985.53
2024-09-13,20,38127,871,16,823.55,968.15
2024-09-14,20,14740,186,1,318.38,72.13
2024-09-15,20,23946,491,8,517.25,568.03
2024-09-16,20,29269,513,7,632.23,484.87
2024-09-17,20,27464,452,6,593.23,321.88
2024-09-18,20,30638,562,8,661.78,461.31
2024-09-19,20,28750,495,7,621.02,402.56
2024-09-20,20,25849,400,5,558.34,367.68
2024-09-21,20,18967,308,4,409.69,268.11
2024-09-22,20,21846,408,6,471.89,387.71
2024-09-23,20,27203,443,6,587.6,418.48
2024-09-24,20,21884,287,3,472.71,163.77
2024-09-25,20,35131,740,12,758.83,767.39
2024-09-26,20,23250,324,3,502.21,222.9
2024-09-27,20,28960,502,7,625.55,364.12
2024-09-28,20,26787,614,11,578.61,629.86
2024-09-29,20,23390,468,7,505.23,388.01
2024-09-30,20,32719,641,10,706.74,561.33
2024-10-01,20,37811,857,16,816.74,945.99
2024-10-02,20,32802,645,10,708.53,585.1
2024-10-03,20,27709,460,6,598.53,452.99
2024-10-04,20,23993,345,4,518.27,249.22
2024-10-05,20,18560,295,3,400.91,210.56
2024-10-06,20,17660,267,3,381.47,207.13
2024-10-07,20,33686,680,11,727.64,572.31
2024-10-08,20,29600,525,7,639.37,388.15
2024-10-09,20,25086,377,4,541.87,278.72
2024-10-10,20,21179,268,2,457.49,140.17
2024-10-11,20,35729,765,13,771.76,1010.0
2024-10-12,20,20033,343,4,432.72,221.75
2024-10-13,20,15601,208,2,337.0,123.92
2024-10-14,20,34174,700,11,738.17,601.29
2024-10-15,20,26656,426,5,575.78,374.53
2024-10-16,20,23482,330,3,507.22,216.33
2024-10-17,20,34577,716,12,746.88,665.54
2024-10-18,20,38896,907,17,840.16,947.14
2024-10-19,20,21397,392,5,462.18,261.1
2024-10-20,20,22904,449,7,494.73,444.1
2024-10-21,20,34024,694,11,734.92,751.63
2024-10-22,20,23739,337,3,512.76,188.11
2024-10-23,20,33378,668,11,720.97,817.95
2024-10-24,20,22573,305,3,487.6,163.84
2024-10-25,20,34564,716,12,746.6,807.95
2024-10-26,20,19550,327,4,422.29,308.18
2024-10-27,20,18673,298,3,403.36,166.91
2024-10-28,20,26001,405,5,561.62,270.95
2024-10-29,20,30979,575,8,669.16,540.8
2024-10-30,20,31955,612,9,690.25,650.28
2024-10-31,20,33448,670,11,722.49,814.5
2024-11-01,20,32871,647,10,710.02,598.43
2024-11-02,20,21236,386,5,458.71,326.24
2024-11-03,20,24137,499,8,521.37,477.47
2024-11-04,20,21995,290,3,475.1,226.04
2024-11-05,20,38207,875,16,825.27,1037.87
2024-11-06,20,23043,318,3,497.73,194.97
2024-05-15,21,19928,378,5,430.45,328.68
2024-05-16,21,24272,562,10,524.28,776.59
2024-05-17,21,23776,539,10,513.58,554.32
2024-05-18,21,16064,351,6,346.99,400.67
2024-05-19,21,12139,200,2,262.21,139.51
2024-05-20,21,21839,455,7,471.72,537.71
2024-05-21,21,21925,458,7,473.59,367.04
2024-05-22,21,13970,186,2,301.75,117.63
2024-05-23,21,13656,177,1,294.98,53.57
2024-05-24,21,22139,467,8,478.22,521.38
2024-05-25,21,14224,275,4,307.25,260.11
2024-05-26,21,12535,214,3,270.77,210.74
2024-05-27,21,14138,190,2,305.4,131.9
2024-05-28,21,20178,388,6,435.86,355.28
2024-05-29,21,16713,266,3,361.01,195.88
2024-05-30,21,15505,229,2,334.92,146.02
2024-05-31,21,19277,354,5,416.39,310.8
2024-06-01,21,14269,277,4,308.23,294.79
2024-06-02,21,14640,292,4,316.23,214.88
2024-06-03,21,21114,425,7,456.06,496.85
2024-06-04,21,22786,495,8,492.2,428.04
2024-06-05,21,14181,191,2,306.32,126.59
2024-06-06,21,18337,320,4,396.09,271.32
2024-06-07,21,16706,266,3,360.86,213.85
2024-06-08,21,15112,311,5,326.43,275.53
2024-06-09,21,14852,300,5,320.82,351.19
2024-06-10,21,15060,216,2,325.3,153.56
2024-06-11,21,19125,349,5,413.11,361.79
2024-06-12,21,21364,435,7,461.46,394.39
2024-06-13,21,14642,204,2,316.28,144.62
2024-06-14,21,16247,251,3,350.95,225.14
2024-06-15,21,15356,321,5,331.7,263.82
2024-06-16,21,15639,333,5,337.8,295.36
2024-06-17,21,13928,185,2,300.86,141.04
2024-06-18,21,19732,371,5,426.23,270.02
2024-06-19,21,18358,321,4,396.54,245.45
2024-06-20,21,18860,339,5,407.39,333.7
2024-06-21,21,17367,287,3,375.14,175.9
2024-06-22,21,10059,137,1,217.28,66.92
2024-05-14,22,1797,91,3,242.6,254.04
2024-05-15,22,1593,72,2,215.13,155.35
2024-05-16,22,1930,105,3,260.6,255.88
2024-05-17,22,1558,68,2,210.37,181.11
2024-05-18,22,876,31,0,118.35,0.0
2024-05-19,22,1347,73,2,181.93,194.02
2024-05-20,22,1978,111,4,267.15,416.58
2024-05-21,22,1508,64,1,203.64,88.23
2024-05-22,22,1505,64,1,203.24,103.37
2024-05-23,22,1367,53,1,184.63,78.96
2024-05-24,22,1464,60,1,197.67,95.08
2024-05-25,22,1377,76,2,185.92,165.63
2024-05-26,22,1312,69,2,177.15,226.59
2024-05-27,22,2017,115,4,272.3,314.48
2024-05-28,22,1551,68,1,209.51,86.73
2024-05-29,22,1913,103,3,258.27,265.31
2024-05-30,22,1635,75,2,220.81,152.61
2024-05-31,22,1300,47,1,175.56,97.42
2024-06-01,22,979,38,1,132.17,99.66
2024-06-02,22,1085,47,1,146.56,98.48
2024-06-03,22,1578,70,2,213.14,210.72
2024-06-04,22,1295,47,1,174.89,110.22
2024-06-05,22,1832,95,3,247.44,255.94
2024-06-06,22,1115,35,0,150.62,0.0
2024-06-07,22,1331,50,1,179.71,89.16
2024-06-08,22,1335,72,2,180.32,218.67
2024-06-09,22,1409,80,3,190.33,228.17
2024-06-10,22,1734,85,2,234.19,216.52
2024-06-11,22,1801,92,3,243.17,239.85
2024-06-12,22,1613,73,2,217.82,170.1
2024-06-13,22,1577,70,2,212.97,156.55
2024-06-14,22,2057,120,4,277.8,412.17
2024-06-15,22,838,28,0,113.22,0.0
2024-06-16,22,1374,76,2,185.51,191.5
2024-06-17,22,1776,89,2,239.78,180.31
2024-06-18,22,2036,117,4,274.93,316.91
2024-06-19,22,1200,40,0,162.07,0.0
2024-06-20,22,1889,101,3,255.08,236.53
2024-06-21,22,1649,77,2,222.7,185.06
2024-06-22,22,1418,81,3,191.52,254.99
2024-06-23,22,950,36,0,128.32,0.0
2024-06-24,22,1871,99,3,252.62,307.88
2024-06-25,22,1809,92,3,244.22,264.26
2024-06-26,22,1368,53,1,184.72,78.84
2024-06-27,22,1302,48,1,175.83,105.64
2024-06-28,22,1665,78,2,224.87,163.81
2024-06-29,22,886,31,0,119.63,0.0
2024-06-30,22,1047,44,1,141.39,96.37
2024-07-01,22,2027,116,4,273.65,335.56
2024-07-02,22,1402,55,1,189.38,86.07
2024-07-03,22,1223,42,0,165.19,0.0
2024-07-04,22,1762,88,2,237.89,214.81
2024-07-05,22,1772,89,2,239.28,155.07
2024-07-06,22,1333,72,2,179.99,176.91
2024-07-07,22,837,28,0,113.06,0.0
2024-07-08,22,1447,59,1,195.47,95.51
2024-07-09,22,1753,87,2,236.75,171.77
2024-07-10,22,2051,119,4,277.0,308.72
2024-07-11,22,1494,63,1,201.72,93.18
2024-07-12,22,1821,94,3,245.85,256.48
2024-07-13,22,1084,47,1,146.39,106.55
2024-07-14,22,869,30,0,117.42,0.0
2024-07-15,22,1899,102,3,256.42,340.01
2024-07-16,22,1233,43,1,166.58,107.3
2024-07-17,22,1463,60,1,197.59,99.95
2024-07-18,22,1722,84,2,232.57,196.26
2024-07-19,22,1355,52,1,183.03,106.88
2024-07-20,22,791,25,0,106.82,0.0
2024-07-21,22,1377,76,2,185.97,185.7
2024-07-22,22,1232,43,1,166.33,110.39
2024-07-23,22,1898,102,3,256.29,265.8
2024-07-24,22,1150,37,0,155.28,0.0
2024-07-25,22,1269,45,1,171.37,97.81
2024-07-26,22,1891,101,3,255.3,273.03
2024-07-27,22,796,25,0,107.51,0.0
2024-07-28,22,891,32,0,120.39,0.0
2024-07-29,22,1287,47,1,173.83,86.63
2024-07-30,22,1949,107,3,263.23,231.95
2024-07-04,23,142561,3818,143,356.4,9634.42
2024-07-05,23,116691,2558,78,291.73,5644.06
2024-07-06,23,95966,2472,89,239.92,5502.81
2024-07-07,23,80827,1753,53,202.07,3398.21
2024-07-08,23,109056,2234,64,272.64,5538.53
2024-07-09,23,135108,3430,121,337.77,9549.64
2024-07-10,23,157169,4641,191,392.92,16014.47
2024-07-11,23,172116,5566,252,430.29,21031.28
2024-07-12,23,121801,2787,89,304.5,6793.86
2024-07-13,23,92277,2285,79,230.69,6903.04
2024-07-14,23,93267,2335,81,233.17,5803.77
2024-07-15,23,107488,2170,61,268.72,4243.55
2024-07-16,23,110617,2299,66,276.54,5733.61
2024-07-17,23,155283,4530,185,388.21,11425.18
2024-07-18,23,172286,5577,252,430.72,19122.51
2024-07-19,23,154349,4476,181,385.87,16287.86
2024-07-20,23,119619,3840,172,299.05,10836.69
2024-07-21,23,101899,2787,106,254.75,7207.56
2024-07-22,23,158296,4708,196,395.74,17153.49
2024-07-23,23,97596,1789,45,243.99,4045.13
2024-07-24,23,110649,2300,66,276.62,5636.08
2024-07-25,23,156788,4619,190,391.97,13422.39
2024-07-26,23,160127,4817,202,400.32,17242.04
2024-07-27,23,75034,1511,42,187.59,3266.57
2024-07-28,23,110244,3262,135,275.61,10925.39
2024-07-29,23,166095,5183,226,415.24,13751.24
2024-07-30,23,149058,4174,163,372.65,14413.56
2024-07-31,23,138125,3584,130,345.31,9996.12
2024-08-01,23,108160,2198,62,270.4,5557.69
2024-08-02,23,163512,5023,216,408.78,16149.63
2024-08-03,23,82463,1825,56,206.16,4183.93
2024-08-04,23,70237,1324,34,175.59,2277.28
2024-08-05,23,110600,2298,66,276.5,5002.37
2024-08-06,23,93188,1631,39,232.97,3413.94
2024-08-07,23,109216,2241,64,273.04,4090.54
2024-08-08,23,150365,4248,168,375.91,14710.66
2024-08-09,23,160531,4842,204,401.33,14220.36
2024-08-10,23,66418,1184,29,166.05,2250.35
2024-08-11,23,116448,3639,159,291.12,13233.73
2024-08-12,23,160707,4852,205,401.77,17593.12
2024-08-13,23,169813,5418,242,424.53,17232.27
2024-08-14,23,168326,5323,235,420.82,16888.95
2024-08-15,23,101198,1924,51,253.0,3521.7
2024-08-16,23,104026,2033,55,260.07,3559.88
2024-08-17,23,118206,3750,166,295.52,13903.38
2024-09-09,24,5283,303,11,713.21,1107.36
2024-09-10,24,3329,120,2,449.54,225.62
2024-09-11,24,4619,231,7,623.66,779.07
2024-09-12,24,4851,255,8,654.98,675.86
2024-09-13,24,4359,206,6,588.59,495.98
2024-09-14,24,2561,101,2,345.8,204.33
2024-09-15,24,2249,78,1,303.68,103.7
2024-09-16,24,5253,300,11,709.23,1232.56
2024-09-17,24,3869,162,4,522.43,455.13
2024-09-18,24,5294,304,11,714.73,849.54
2024-09-19,24,4393,209,6,593.09,666.0
2024-09-20,24,5300,305,11,715.51,928.33
2024-09-21,24,3011,140,4,406.52,446.38
2024-09-22,24,2272,80,1,306.8,104.32
2024-09-23,24,3488,132,3,470.93,339.99
2024-09-24,24,3314,119,2,447.42,219.28
2024-09-25,24,3117,105,2,420.88,205.88
2024-09-26,24,4484,218,7,605.4,767.85
2024-09-27,24,4006,174,5,540.87,430.39
2024-09-28,24,2461,94,2,332.36,157.15
2024-09-29,24,2474,95,2,334.03,160.21
2024-09-30,24,2900,91,1,391.57,90.67
2024-10-01,24,4716,241,8,636.74,902.61
2024-10-02,24,5094,282,10,687.69,947.37
2024-10-03,24,3837,160,4,518.1,387.0
2024-10-04,24,3149,107,2,425.14,188.44
2024-10-05,24,3530,193,7,476.57,705.16
2024-10-06,24,3222,161,5,435.06,410.9
2024-10-07,24,3080,103,2,415.85,216.28
2024-10-08,24,3629,143,3,490.01,264.33
2024-10-09,24,5260,300,11,710.19,867.02
2024-10-10,24,3319,119,2,448.17,180.53
2024-10-11,24,4715,241,8,636.54,774.3
2024-10-12,24,3589,200,7,484.57,556.77
2024-10-13,24,3060,145,4,413.2,397.27
2024-10-14,24,4096,182,5,552.98,385.89
2024-03-22,25,21536,490,9,465.18,506.61
2024-03-23,25,14698,326,6,317.49,336.51
2024-03-24,25,9062,124,1,195.76,57.34
2024-03-25,25,13852,202,2,299.22,140.25
2024-03-26,25,19285,393,6,416.57,425.88
2024-03-27,25,14621,226,2,315.82,118.64
2024-03-28,25,14338,217,2,309.71,106.58
2024-03-29,25,17751,333,5,383.43,369.18
2024-03-30,25,9436,134,1,203.84,61.38
2024-03-31,25,11395,196,2,246.14,119.32
2024-04-01,25,18672,368,6,403.33,405.63
2024-04-02,25,13951,205,2,301.36,105.34
2024-04-03,25,13657,197,2,295.0,119.17
2024-04-04,25,12749,171,1,275.39,73.94
2024-04-05,25,15061,239,3,325.33,187.0
2024-04-06,25,11834,211,3,255.63,207.56
2024-04-07,25,8990,122,1,194.19,66.15
2024-04-08,25,13800,201,2,298.1,150.05
2024-04-09,25,15684,260,3,338.79,190.77
2024-04-10,25,14601,225,2,315.39,128.18
2024-04-11,25,14223,213,2,307.22,117.97
2024-04-12,25,12542,166,1,270.91,71.56
2024-04-13,25,13109,259,4,283.17,216.91
2024-04-14,25,10796,176,2,233.2,132.16
2024-04-15,25,21824,503,9,471.42,606.0
2024-04-16,25,17565,326,5,379.42,369.3
2024-04-17,25,20269,434,7,437.82,440.19
2024-04-18,25,17381,319,4,375.43,298.16
2024-04-19,25,16761,297,4,362.04,299.69
2024-04-20,25,11743,208,3,253.65,162.16
2024-04-21,25,14791,330,6,319.5,423.43
2024-04-22,25,17039,307,4,368.06,301.65
2024-04-23,25,20086,426,7,433.86,487.31
2024-04-24,25,18246,352,5,394.12,275.64
2024-04-25,25,19644,408,7,424.32,395.46
2024-04-26,25,21964,510,9,474.43,695.49
2024-04-27,25,14117,301,5,304.94,276.4
2024-04-28,25,11365,195,2,245.49,155.39
2024-04-29,25,16358,283,4,353.35,311.72
2024-04-30,25,18317,354,5,395.66,368.43
2024-05-01,25,14546,223,2,314.2,151.36
2024-05-02,25,21247,477,8,458.95,429.94
2024-05-03,25,15875,266,3,342.92,186.99
2024-05-04,25,10670,172,2,230.47,118.36
2024-05-05,25,11613,203,2,250.86,149.42
2024-05-06,25,19944,420,7,430.8,477.4
2024-05-07,25,17248,314,4,372.57,251.64
2024-05-08,25,16144,275,3,348.73,167.56
2024-05-09,25,17916,339,5,386.99,358.59
2024-05-10,25,21507,489,9,464.57,684.43
2024-05-11,25,12360,230,3,267.0,163.88
2024-05-12,25,10383,162,2,224.29,131.85
2024-05-13,25,15424,251,3,333.16,188.05
2024-05-14,25,15824,264,3,341.8,193.88
2024-05-15,25,18131,347,5,391.63,264.87
2024-05-16,25,14725,229,2,318.06,111.48
2024-05-17,25,18127,347,5,391.56,350.18
2024-05-18,25,8616,112,1,186.11,75.13
2024-05-19,25,10708,173,2,231.3,116.35
2024-05-20,25,19527,403,6,421.8,455.65
2024-05-21,25,21072,469,8,455.17,420.21
2024-05-22,25,20259,434,7,437.6,419.16
2024-05-23,25,14775,230,2,319.15,129.56
2024-05-24,25,19021,382,6,410.87,327.32
2024-05-25,25,14549,319,5,314.27,277.47
2024-05-26,25,15302,353,6,330.53,381.13
2024-05-27,25,20345,437,7,439.46,413.03
2024-05-28,25,16168,276,3,349.24,206.35
2024-05-29,25,13831,202,2,298.77,114.99
2024-05-30,25,20326,436,7,439.05,498.85
2024-05-31,25,19668,409,7,424.83,521.83
2024-06-01,25,14207,304,5,306.88,326.99
2024-06-02,25,9475,135,1,204.67,60.09
2024-06-03,25,17087,308,4,369.1,222.11
2024-06-04,25,20605,449,8,445.08,598.9
2024-06-05,25,12208,157,1,263.7,57.01
2024-06-06,25,20417,440,7,441.03,516.33
2024-06-07,25,14460,221,2,312.35,127.74
2024-06-08,25,14900,335,6,321.86,421.92
2024-06-09,25,10297,160,2,222.42,146.82
2024-06-10,25,17070,308,4,368.73,274.08
