transaction_id,customer_id,transaction_date,order_value,products_purchased,discount_applied,created_at,acquisition_date,channel,customer_segment,first_order_value
1,1,2024-01-14,53.03,2,0.0,2026-01-01T19:41:24.614265,2024-01-14,paid_search,medium_value,53.03
2,2,2024-01-14,45.1,4,0.0,2026-01-01T19:41:24.614265,2024-01-14,paid_search,low_value,45.1
3,2,2024-03-13,43.46,2,20.0,2026-01-01T19:41:24.614265,2024-01-14,paid_search,low_value,45.1
4,3,2024-01-14,74.16,3,0.0,2026-01-01T19:41:24.614265,2024-01-14,paid_search,medium_value,74.16
5,3,2024-02-20,81.29,4,20.0,2026-01-01T19:41:24.614265,2024-01-14,paid_search,medium_value,74.16
6,3,2024-03-31,73.47,2,0.0,2026-01-01T19:41:24.614265,2024-01-14,paid_search,medium_value,74.16
7,4,2024-01-14,92.99,2,0.0,2026-01-01T19:41:24.614265,2024-01-14,paid_search,medium_value,92.99
8,4,2024-03-11,86.68,1,20.0,2026-01-01T19:41:24.614265,2024-01-14,paid_search,medium_value,92.99
9,5,2024-01-15,57.59,4,0.0,2026-01-01T19:41:24.614265,2024-01-15,paid_search,medium_value,57.59
10,5,2024-02-21,47.02,2,0.0,2026-01-01T19:41:24.614265,2024-01-15,paid_search,medium_value,57.59
11,6,2024-01-15,116.49,2,0.0,2026-01-01T19:41:24.614265,2024-01-15,paid_search,high_value,116.49
12,6,2024-03-08,121.44,2,0.0,2026-01-01T19:41:24.614265,2024-01-15,paid_search,high_value,116.49
13,6,2024-04-11,113.2,1,0.0,2026-01-01T19:41:24.614265,2024-01-15,paid_search,high_value,116.49
14,7,2024-01-15,92.38,3,0.0,2026-01-01T19:41:24.614265,2024-01-15,paid_search,medium_value,92.38
15,8,2024-01-15,72.23,1,0.0,2026-01-01T19:41:24.614265,2024-01-15,paid_search,medium_value,72.23
16,8,2024-02-23,69.34,4,10.0,2026-01-01T19:41:24.614265,2024-01-15,paid_search,medium_value,72.23
17,9,2024-01-15,56.4,2,0.0,2026-01-01T19:41:24.614265,2024-01-15,paid_search,medium_value,56.4
18,9,2024-02-06,48.43,2,0.0,2026-01-01T19:41:24.614265,2024-01-15,paid_search,medium_value,56.4
19,9,2024-03-28,61.84,1,15.0,2026-01-01T19:41:24.614265,2024-01-15,paid_search,medium_value,56.4
20,10,2024-01-17,118.53,4,0.0,2026-01-01T19:41:24.614265,2024-01-17,paid_search,high_value,118.53
21,10,2024-03-05,104.07,1,0.0,2026-01-01T19:41:24.614265,2024-01-17,paid_search,high_value,118.53
22,10,2024-03-19,106.17,2,15.0,2026-01-01T19:41:24.614265,2024-01-17,paid_search,high_value,118.53
23,10,2024-05-01,129.78,3,5.0,2026-01-01T19:41:24.614265,2024-01-17,paid_search,high_value,118.53
24,10,2024-05-14,120.63,4,0.0,2026-01-01T19:41:24.614265,2024-01-17,paid_search,high_value,118.53
25,10,2024-07-01,116.29,2,0.0,2026-01-01T19:41:24.614265,2024-01-17,paid_search,high_value,118.53
26,10,2024-07-12,116.81,2,20.0,2026-01-01T19:41:24.614265,2024-01-17,paid_search,high_value,118.53
27,10,2024-09-01,83.91,4,10.0,2026-01-01T19:41:24.614265,2024-01-17,paid_search,high_value,118.53
28,10,2024-10-31,110.69,1,15.0,2026-01-01T19:41:24.614265,2024-01-17,paid_search,high_value,118.53
29,11,2024-01-17,106.16,2,0.0,2026-01-01T19:41:24.614265,2024-01-17,paid_search,high_value,106.16
30,11,2024-03-02,103.83,4,0.0,2026-01-01T19:41:24.614265,2024-01-17,paid_search,high_value,106.16
31,11,2024-03-17,98.73,2,15.0,2026-01-01T19:41:24.614265,2024-01-17,paid_search,high_value,106.16
32,11,2024-04-09,110.47,1,0.0,2026-01-01T19:41:24.614265,2024-01-17,paid_search,high_value,106.16
33,11,2024-05-09,115.34,4,0.0,2026-01-01T19:41:24.614265,2024-01-17,paid_search,high_value,106.16
34,12,2024-01-17,101.05,1,0.0,2026-01-01T19:41:24.614265,2024-01-17,paid_search,high_value,101.05
35,12,2024-01-26,108.98,3,10.0,2026-01-01T19:41:24.614265,2024-01-17,paid_search,high_value,101.05
36,12,2024-03-01,76.39,3,5.0,2026-01-01T19:41:24.614265,2024-01-17,paid_search,high_value,101.05
37,12,2024-03-30,95.24,2,10.0,2026-01-01T19:41:24.614265,2024-01-17,paid_search,high_value,101.05
38,12,2024-05-18,103.87,1,0.0,2026-01-01T19:41:24.614265,2024-01-17,paid_search,high_value,101.05
39,12,2024-06-13,105.34,2,0.0,2026-01-01T19:41:24.614265,2024-01-17,paid_search,high_value,101.05
40,12,2024-07-03,94.65,2,0.0,2026-01-01T19:41:24.614265,2024-01-17,paid_search,high_value,101.05
41,13,2024-01-18,66.73,1,0.0,2026-01-01T19:41:24.614265,2024-01-18,paid_search,medium_value,66.73
42,13,2024-03-06,70.83,4,5.0,2026-01-01T19:41:24.614265,2024-01-18,paid_search,medium_value,66.73
43,13,2024-03-29,64.77,2,15.0,2026-01-01T19:41:24.614265,2024-01-18,paid_search,medium_value,66.73
44,14,2024-01-19,75.36,3,0.0,2026-01-01T19:41:24.614265,2024-01-19,paid_search,medium_value,75.36
45,15,2024-01-20,56.35,3,0.0,2026-01-01T19:41:24.614265,2024-01-20,paid_search,medium_value,56.35
46,16,2024-01-21,91.14,4,0.0,2026-01-01T19:41:24.614265,2024-01-21,paid_search,medium_value,91.14
47,16,2024-03-18,79.61,2,0.0,2026-01-01T19:41:24.614265,2024-01-21,paid_search,medium_value,91.14
48,17,2024-01-21,124.52,3,0.0,2026-01-01T19:41:24.614265,2024-01-21,paid_search,high_value,124.52
49,17,2024-02-04,121.23,1,5.0,2026-01-01T19:41:24.614265,2024-01-21,paid_search,high_value,124.52
50,17,2024-02-16,105.24,3,0.0,2026-01-01T19:41:24.614265,2024-01-21,paid_search,high_value,124.52
51,18,2024-01-21,115.35,2,0.0,2026-01-01T19:41:24.614265,2024-01-21,paid_search,high_value,115.35
52,18,2024-02-03,98.15,4,0.0,2026-01-01T19:41:24.614265,2024-01-21,paid_search,high_value,115.35
53,19,2024-01-22,97.53,2,0.0,2026-01-01T19:41:24.614265,2024-01-22,paid_search,medium_value,97.53
54,20,2024-01-22,100.1,5,0.0,2026-01-01T19:41:24.614265,2024-01-22,paid_search,high_value,100.1
55,20,2024-03-02,84.04,3,10.0,2026-01-01T19:41:24.614265,2024-01-22,paid_search,high_value,100.1
56,20,2024-04-16,74.04,2,0.0,2026-01-01T19:41:24.614265,2024-01-22,paid_search,high_value,100.1
57,20,2024-06-10,85.67,4,0.0,2026-01-01T19:41:24.614265,2024-01-22,paid_search,high_value,100.1
58,21,2024-01-23,65.37,5,0.0,2026-01-01T19:41:24.614265,2024-01-23,paid_search,medium_value,65.37
59,21,2024-01-30,63.71,2,15.0,2026-01-01T19:41:24.614265,2024-01-23,paid_search,medium_value,65.37
60,21,2024-03-13,64.99,3,0.0,2026-01-01T19:41:24.614265,2024-01-23,paid_search,medium_value,65.37
61,22,2024-01-23,77.31,5,0.0,2026-01-01T19:41:24.614265,2024-01-23,paid_search,medium_value,77.31
62,22,2024-02-28,59.78,4,0.0,2026-01-01T19:41:24.614265,2024-01-23,paid_search,medium_value,77.31
63,23,2024-01-23,44.2,4,0.0,2026-01-01T19:41:24.614265,2024-01-23,paid_search,low_value,44.2
64,24,2024-01-23,108.83,2,0.0,2026-01-01T19:41:24.614265,2024-01-23,paid_search,high_value,108.83
65,24,2024-02-04,117.43,3,5.0,2026-01-01T19:41:24.614265,2024-01-23,paid_search,high_value,108.83
66,24,2024-02-15,107.96,2,0.0,2026-01-01T19:41:24.614265,2024-01-23,paid_search,high_value,108.83
67,24,2024-02-27,108.54,4,10.0,2026-01-01T19:41:24.614265,2024-01-23,paid_search,high_value,108.83
68,24,2024-04-01,105.65,2,15.0,2026-01-01T19:41:24.614265,2024-01-23,paid_search,high_value,108.83
69,24,2024-05-10,106.01,1,15.0,2026-01-01T19:41:24.614265,2024-01-23,paid_search,high_value,108.83
70,25,2024-01-23,107.74,1,0.0,2026-01-01T19:41:24.614265,2024-01-23,paid_search,high_value,107.74
71,25,2024-03-23,107.56,4,15.0,2026-01-01T19:41:24.614265,2024-01-23,paid_search,high_value,107.74
72,25,2024-05-16,103.91,1,20.0,2026-01-01T19:41:24.614265,2024-01-23,paid_search,high_value,107.74
73,25,2024-06-02,104.49,2,20.0,2026-01-01T19:41:24.614265,2024-01-23,paid_search,high_value,107.74
74,26,2024-01-24,43.26,1,0.0,2026-01-01T19:41:24.614265,2024-01-24,paid_search,low_value,43.26
75,27,2024-01-25,119.98,2,0.0,2026-01-01T19:41:24.614265,2024-01-25,paid_search,high_value,119.98
76,27,2024-02-04,104.27,2,5.0,2026-01-01T19:41:24.614265,2024-01-25,paid_search,high_value,119.98
77,27,2024-02-18,100.21,2,15.0,2026-01-01T19:41:24.614265,2024-01-25,paid_search,high_value,119.98
78,28,2024-01-25,97.53,3,0.0,2026-01-01T19:41:24.614265,2024-01-25,paid_search,medium_value,97.53
79,28,2024-02-19,78.6,4,0.0,2026-01-01T19:41:24.614265,2024-01-25,paid_search,medium_value,97.53
80,29,2024-01-25,93.6,3,0.0,2026-01-01T19:41:24.614265,2024-01-25,paid_search,medium_value,93.6
81,30,2024-01-26,43.22,1,0.0,2026-01-01T19:41:24.614265,2024-01-26,paid_search,low_value,43.22
82,31,2024-01-26,63.95,1,0.0,2026-01-01T19:41:24.614265,2024-01-26,paid_search,medium_value,63.95
83,31,2024-03-12,56.54,3,0.0,2026-01-01T19:41:24.614265,2024-01-26,paid_search,medium_value,63.95
84,31,2024-04-10,67.54,4,0.0,2026-01-01T19:41:24.614265,2024-01-26,paid_search,medium_value,63.95
85,31,2024-04-23,55.78,1,0.0,2026-01-01T19:41:24.614265,2024-01-26,paid_search,medium_value,63.95
86,32,2024-01-26,110.93,4,0.0,2026-01-01T19:41:24.614265,2024-01-26,paid_search,high_value,110.93
87,32,2024-03-04,77.96,3,20.0,2026-01-01T19:41:24.614265,2024-01-26,paid_search,high_value,110.93
88,32,2024-04-05,94.26,4,0.0,2026-01-01T19:41:24.614265,2024-01-26,paid_search,high_value,110.93
89,33,2024-01-26,68.46,1,0.0,2026-01-01T19:41:24.614265,2024-01-26,paid_search,medium_value,68.46
90,33,2024-02-10,57.61,1,5.0,2026-01-01T19:41:24.614265,2024-01-26,paid_search,medium_value,68.46
91,34,2024-01-27,124.7,2,0.0,2026-01-01T19:41:24.614265,2024-01-27,paid_search,high_value,124.7
92,34,2024-02-21,89.3,4,5.0,2026-01-01T19:41:24.614265,2024-01-27,paid_search,high_value,124.7
93,34,2024-03-11,134.59,3,15.0,2026-01-01T19:41:24.614265,2024-01-27,paid_search,high_value,124.7
94,35,2024-01-27,97.13,4,0.0,2026-01-01T19:41:24.614265,2024-01-27,paid_search,medium_value,97.13
95,35,2024-03-05,99.07,2,15.0,2026-01-01T19:41:24.614265,2024-01-27,paid_search,medium_value,97.13
96,36,2024-01-30,78.52,4,0.0,2026-01-01T19:41:24.614265,2024-01-30,paid_search,medium_value,78.52
97,37,2024-01-30,74.5,2,0.0,2026-01-01T19:41:24.614265,2024-01-30,paid_search,medium_value,74.5
98,37,2024-02-12,75.77,2,0.0,2026-01-01T19:41:24.614265,2024-01-30,paid_search,medium_value,74.5
99,37,2024-02-19,75.02,1,0.0,2026-01-01T19:41:24.614265,2024-01-30,paid_search,medium_value,74.5
100,37,2024-04-04,74.13,4,5.0,2026-01-01T19:41:24.614265,2024-01-30,paid_search,medium_value,74.5
101,38,2024-01-30,72.14,3,0.0,2026-01-01T19:41:24.614265,2024-01-30,paid_search,medium_value,72.14
102,38,2024-03-25,62.88,2,10.0,2026-01-01T19:41:24.614265,2024-01-30,paid_search,medium_value,72.14
103,38,2024-04-18,72.62,3,20.0,2026-01-01T19:41:24.614265,2024-01-30,paid_search,medium_value,72.14
104,39,2024-01-30,63.92,4,0.0,2026-01-01T19:41:24.614265,2024-01-30,paid_search,medium_value,63.92
105,39,2024-03-22,64.76,2,0.0,2026-01-01T19:41:24.614265,2024-01-30,paid_search,medium_value,63.92
106,39,2024-05-05,60.82,2,0.0,2026-01-01T19:41:24.614265,2024-01-30,paid_search,medium_value,63.92
107,40,2024-01-31,82.17,2,0.0,2026-01-01T19:41:24.614265,2024-01-31,paid_search,medium_value,82.17
108,40,2024-02-24,90.07,4,0.0,2026-01-01T19:41:24.614265,2024-01-31,paid_search,medium_value,82.17
109,41,2024-02-01,100.06,5,0.0,2026-01-01T19:41:24.614265,2024-02-01,paid_search,high_value,100.06
110,41,2024-02-11,85.27,3,10.0,2026-01-01T19:41:24.614265,2024-02-01,paid_search,high_value,100.06
111,42,2024-02-01,112.57,2,0.0,2026-01-01T19:41:24.614265,2024-02-01,paid_search,high_value,112.57
112,42,2024-03-09,81.56,1,5.0,2026-01-01T19:41:24.614265,2024-02-01,paid_search,high_value,112.57
113,42,2024-04-02,95.17,4,0.0,2026-01-01T19:41:24.614265,2024-02-01,paid_search,high_value,112.57
114,42,2024-04-12,86.98,1,0.0,2026-01-01T19:41:24.614265,2024-02-01,paid_search,high_value,112.57
115,43,2024-02-01,76.26,2,0.0,2026-01-01T19:41:24.614265,2024-02-01,paid_search,medium_value,76.26
116,43,2024-02-25,81.09,4,0.0,2026-01-01T19:41:24.614265,2024-02-01,paid_search,medium_value,76.26
117,43,2024-04-03,64.47,1,0.0,2026-01-01T19:41:24.614265,2024-02-01,paid_search,medium_value,76.26
118,43,2024-04-10,74.22,2,20.0,2026-01-01T19:41:24.614265,2024-02-01,paid_search,medium_value,76.26
119,44,2024-02-01,51.2,3,0.0,2026-01-01T19:41:24.614265,2024-02-01,paid_search,medium_value,51.2
120,44,2024-03-28,47.9,3,10.0,2026-01-01T19:41:24.614265,2024-02-01,paid_search,medium_value,51.2
121,44,2024-04-21,40.14,1,5.0,2026-01-01T19:41:24.614265,2024-02-01,paid_search,medium_value,51.2
122,45,2024-02-02,85.98,2,0.0,2026-01-01T19:41:24.614265,2024-02-02,paid_search,medium_value,85.98
123,46,2024-02-04,98.8,1,0.0,2026-01-01T19:41:24.614265,2024-02-04,paid_search,medium_value,98.8
124,47,2024-02-04,114.18,2,0.0,2026-01-01T19:41:24.614265,2024-02-04,paid_search,high_value,114.18
125,47,2024-03-10,122.2,3,0.0,2026-01-01T19:41:24.614265,2024-02-04,paid_search,high_value,114.18
126,47,2024-04-16,125.13,2,0.0,2026-01-01T19:41:24.614265,2024-02-04,paid_search,high_value,114.18
127,47,2024-05-05,99.03,3,15.0,2026-01-01T19:41:24.614265,2024-02-04,paid_search,high_value,114.18
128,47,2024-06-03,120.8,1,5.0,2026-01-01T19:41:24.614265,2024-02-04,paid_search,high_value,114.18
129,48,2024-02-05,74.31,1,0.0,2026-01-01T19:41:24.614265,2024-02-05,paid_search,medium_value,74.31
130,48,2024-03-16,79.7,1,10.0,2026-01-01T19:41:24.614265,2024-02-05,paid_search,medium_value,74.31
131,48,2024-04-09,72.73,3,0.0,2026-01-01T19:41:24.614265,2024-02-05,paid_search,medium_value,74.31
132,48,2024-05-22,53.82,2,15.0,2026-01-01T19:41:24.614265,2024-02-05,paid_search,medium_value,74.31
133,49,2024-02-05,97.52,4,0.0,2026-01-01T19:41:24.614265,2024-02-05,paid_search,medium_value,97.52
134,49,2024-03-31,88.13,4,10.0,2026-01-01T19:41:24.614265,2024-02-05,paid_search,medium_value,97.52
135,50,2024-02-06,94.27,5,0.0,2026-01-01T19:41:24.614265,2024-02-06,paid_search,medium_value,94.27
136,50,2024-02-24,66.12,2,10.0,2026-01-01T19:41:24.614265,2024-02-06,paid_search,medium_value,94.27
137,50,2024-04-21,85.33,3,10.0,2026-01-01T19:41:24.614265,2024-02-06,paid_search,medium_value,94.27
138,50,2024-05-12,77.16,1,0.0,2026-01-01T19:41:24.614265,2024-02-06,paid_search,medium_value,94.27
139,51,2024-02-07,67.87,2,0.0,2026-01-01T19:41:24.614265,2024-02-07,paid_search,medium_value,67.87
140,51,2024-02-29,55.43,2,15.0,2026-01-01T19:41:24.614265,2024-02-07,paid_search,medium_value,67.87
141,52,2024-02-07,51.69,2,0.0,2026-01-01T19:41:24.614265,2024-02-07,paid_search,medium_value,51.69
142,52,2024-04-04,37.25,2,0.0,2026-01-01T19:41:24.614265,2024-02-07,paid_search,medium_value,51.69
143,52,2024-05-03,49.26,3,0.0,2026-01-01T19:41:24.614265,2024-02-07,paid_search,medium_value,51.69
144,53,2024-02-08,47.93,5,0.0,2026-01-01T19:41:24.614265,2024-02-08,paid_search,low_value,47.93
145,54,2024-02-08,126.51,2,0.0,2026-01-01T19:41:24.614265,2024-02-08,paid_search,high_value,126.51
146,54,2024-03-25,103.48,1,0.0,2026-01-01T19:41:24.614265,2024-02-08,paid_search,high_value,126.51
147,54,2024-04-18,97.5,1,0.0,2026-01-01T19:41:24.614265,2024-02-08,paid_search,high_value,126.51
148,55,2024-02-09,96.95,3,0.0,2026-01-01T19:41:24.614265,2024-02-09,paid_search,medium_value,96.95
149,56,2024-02-10,115.73,3,0.0,2026-01-01T19:41:24.614265,2024-02-10,paid_search,high_value,115.73
150,56,2024-03-25,110.17,4,20.0,2026-01-01T19:41:24.614265,2024-02-10,paid_search,high_value,115.73
151,56,2024-04-15,114.8,3,5.0,2026-01-01T19:41:24.614265,2024-02-10,paid_search,high_value,115.73
152,56,2024-05-22,85.35,4,0.0,2026-01-01T19:41:24.614265,2024-02-10,paid_search,high_value,115.73
153,57,2024-02-10,64.7,2,0.0,2026-01-01T19:41:24.614265,2024-02-10,paid_search,medium_value,64.7
154,57,2024-03-19,69.7,3,0.0,2026-01-01T19:41:24.614265,2024-02-10,paid_search,medium_value,64.7
155,57,2024-04-05,68.2,4,20.0,2026-01-01T19:41:24.614265,2024-02-10,paid_search,medium_value,64.7
156,58,2024-02-10,102.94,5,0.0,2026-01-01T19:41:24.614265,2024-02-10,paid_search,high_value,102.94
157,58,2024-02-26,75.02,4,0.0,2026-01-01T19:41:24.614265,2024-02-10,paid_search,high_value,102.94
158,58,2024-04-06,77.71,1,20.0,2026-01-01T19:41:24.614265,2024-02-10,paid_search,high_value,102.94
159,58,2024-05-07,87.87,1,0.0,2026-01-01T19:41:24.614265,2024-02-10,paid_search,high_value,102.94
160,58,2024-05-16,77.5,1,20.0,2026-01-01T19:41:24.614265,2024-02-10,paid_search,high_value,102.94
161,59,2024-02-10,118.35,2,0.0,2026-01-01T19:41:24.614265,2024-02-10,paid_search,high_value,118.35
162,59,2024-04-07,128.59,1,20.0,2026-01-01T19:41:24.614265,2024-02-10,paid_search,high_value,118.35
163,59,2024-06-05,98.86,1,15.0,2026-01-01T19:41:24.614265,2024-02-10,paid_search,high_value,118.35
164,59,2024-07-12,118.81,2,5.0,2026-01-01T19:41:24.614265,2024-02-10,paid_search,high_value,118.35
165,60,2024-02-11,67.9,3,0.0,2026-01-01T19:41:24.614265,2024-02-11,paid_search,medium_value,67.9
166,60,2024-03-04,49.05,3,15.0,2026-01-01T19:41:24.614265,2024-02-11,paid_search,medium_value,67.9
167,60,2024-05-02,48.74,3,10.0,2026-01-01T19:41:24.614265,2024-02-11,paid_search,medium_value,67.9
168,61,2024-02-12,55.24,5,0.0,2026-01-01T19:41:24.614265,2024-02-12,paid_search,medium_value,55.24
169,62,2024-02-13,107.57,2,0.0,2026-01-01T19:41:24.614265,2024-02-13,paid_search,high_value,107.57
170,62,2024-03-05,76.33,4,5.0,2026-01-01T19:41:24.614265,2024-02-13,paid_search,high_value,107.57
171,62,2024-04-22,87.64,4,15.0,2026-01-01T19:41:24.614265,2024-02-13,paid_search,high_value,107.57
172,62,2024-06-13,110.7,4,0.0,2026-01-01T19:41:24.614265,2024-02-13,paid_search,high_value,107.57
173,62,2024-06-27,84.96,3,0.0,2026-01-01T19:41:24.614265,2024-02-13,paid_search,high_value,107.57
174,62,2024-07-25,80.39,1,0.0,2026-01-01T19:41:24.614265,2024-02-13,paid_search,high_value,107.57
175,63,2024-02-14,118.97,2,0.0,2026-01-01T19:41:24.614265,2024-02-14,paid_search,high_value,118.97
176,63,2024-03-25,99.21,4,0.0,2026-01-01T19:41:24.614265,2024-02-14,paid_search,high_value,118.97
177,63,2024-05-13,115.98,3,10.0,2026-01-01T19:41:24.614265,2024-02-14,paid_search,high_value,118.97
178,63,2024-05-26,96.18,3,5.0,2026-01-01T19:41:24.614265,2024-02-14,paid_search,high_value,118.97
179,64,2024-02-15,110.96,1,0.0,2026-01-01T19:41:24.614265,2024-02-15,paid_search,high_value,110.96
180,65,2024-02-16,110.7,2,0.0,2026-01-01T19:41:24.614265,2024-02-16,paid_search,high_value,110.7
181,65,2024-03-18,97.27,4,20.0,2026-01-01T19:41:24.614265,2024-02-16,paid_search,high_value,110.7
182,65,2024-04-21,119.98,2,0.0,2026-01-01T19:41:24.614265,2024-02-16,paid_search,high_value,110.7
183,65,2024-05-06,85.54,3,5.0,2026-01-01T19:41:24.614265,2024-02-16,paid_search,high_value,110.7
184,65,2024-06-09,98.8,3,5.0,2026-01-01T19:41:24.614265,2024-02-16,paid_search,high_value,110.7
185,65,2024-07-27,118.3,4,5.0,2026-01-01T19:41:24.614265,2024-02-16,paid_search,high_value,110.7
186,65,2024-09-06,101.13,2,10.0,2026-01-01T19:41:24.614265,2024-02-16,paid_search,high_value,110.7
187,65,2024-10-20,109.15,2,10.0,2026-01-01T19:41:24.614265,2024-02-16,paid_search,high_value,110.7
188,66,2024-02-17,93.5,2,0.0,2026-01-01T19:41:24.614265,2024-02-17,paid_search,medium_value,93.5
189,66,2024-03-08,102.62,3,0.0,2026-01-01T19:41:24.614265,2024-02-17,paid_search,medium_value,93.5
190,67,2024-02-17,98.65,2,0.0,2026-01-01T19:41:24.614265,2024-02-17,paid_search,medium_value,98.65
191,67,2024-03-17,83.29,2,20.0,2026-01-01T19:41:24.614265,2024-02-17,paid_search,medium_value,98.65
192,67,2024-04-02,102.01,4,10.0,2026-01-01T19:41:24.614265,2024-02-17,paid_search,medium_value,98.65
193,67,2024-05-31,77.92,2,15.0,2026-01-01T19:41:24.614265,2024-02-17,paid_search,medium_value,98.65
194,68,2024-02-17,100.36,2,0.0,2026-01-01T19:41:24.614265,2024-02-17,paid_search,high_value,100.36
195,68,2024-02-25,98.2,3,5.0,2026-01-01T19:41:24.614265,2024-02-17,paid_search,high_value,100.36
196,68,2024-03-09,96.86,4,0.0,2026-01-01T19:41:24.614265,2024-02-17,paid_search,high_value,100.36
197,69,2024-02-18,103.81,5,0.0,2026-01-01T19:41:24.614265,2024-02-18,paid_search,high_value,103.81
198,69,2024-03-19,78.53,1,0.0,2026-01-01T19:41:24.614265,2024-02-18,paid_search,high_value,103.81
199,69,2024-05-18,106.46,2,0.0,2026-01-01T19:41:24.614265,2024-02-18,paid_search,high_value,103.81
200,69,2024-06-02,103.73,3,15.0,2026-01-01T19:41:24.614265,2024-02-18,paid_search,high_value,103.81
201,69,2024-07-25,86.67,1,20.0,2026-01-01T19:41:24.614265,2024-02-18,paid_search,high_value,103.81
202,69,2024-08-10,75.16,1,15.0,2026-01-01T19:41:24.614265,2024-02-18,paid_search,high_value,103.81
203,69,2024-08-28,93.57,4,0.0,2026-01-01T19:41:24.614265,2024-02-18,paid_search,high_value,103.81
204,70,2024-02-19,98.21,5,0.0,2026-01-01T19:41:24.614265,2024-02-19,paid_search,medium_value,98.21
205,70,2024-04-02,88.46,2,15.0,2026-01-01T19:41:24.614265,2024-02-19,paid_search,medium_value,98.21
206,70,2024-04-19,79.43,4,0.0,2026-01-01T19:41:24.614265,2024-02-19,paid_search,medium_value,98.21
207,71,2024-02-20,127.28,2,0.0,2026-01-01T19:41:24.614265,2024-02-20,paid_search,high_value,127.28
208,71,2024-03-01,100.24,1,0.0,2026-01-01T19:41:24.614265,2024-02-20,paid_search,high_value,127.28
209,71,2024-03-28,122.33,4,5.0,2026-01-01T19:41:24.614265,2024-02-20,paid_search,high_value,127.28
210,72,2024-02-20,64.55,1,0.0,2026-01-01T19:41:24.614265,2024-02-20,paid_search,medium_value,64.55
211,73,2024-02-20,78.08,3,0.0,2026-01-01T19:41:24.614265,2024-02-20,paid_search,medium_value,78.08
212,73,2024-03-02,65.98,3,20.0,2026-01-01T19:41:24.614265,2024-02-20,paid_search,medium_value,78.08
213,73,2024-03-27,59.74,1,0.0,2026-01-01T19:41:24.614265,2024-02-20,paid_search,medium_value,78.08
214,74,2024-02-20,75.5,5,0.0,2026-01-01T19:41:24.614265,2024-02-20,paid_search,medium_value,75.5
215,74,2024-03-17,58.52,1,0.0,2026-01-01T19:41:24.614265,2024-02-20,paid_search,medium_value,75.5
216,74,2024-03-29,82.35,1,10.0,2026-01-01T19:41:24.614265,2024-02-20,paid_search,medium_value,75.5
217,75,2024-02-20,45.5,4,0.0,2026-01-01T19:41:24.614265,2024-02-20,paid_search,low_value,45.5
218,75,2024-03-18,33.55,1,0.0,2026-01-01T19:41:24.614265,2024-02-20,paid_search,low_value,45.5
219,76,2024-02-21,102.69,3,0.0,2026-01-01T19:41:24.614265,2024-02-21,paid_search,high_value,102.69
220,76,2024-03-19,102.77,3,15.0,2026-01-01T19:41:24.614265,2024-02-21,paid_search,high_value,102.69
221,76,2024-04-21,108.71,1,10.0,2026-01-01T19:41:24.614265,2024-02-21,paid_search,high_value,102.69
222,76,2024-06-16,78.05,4,10.0,2026-01-01T19:41:24.614265,2024-02-21,paid_search,high_value,102.69
223,76,2024-06-25,83.8,4,0.0,2026-01-01T19:41:24.614265,2024-02-21,paid_search,high_value,102.69
224,76,2024-08-11,75.72,2,15.0,2026-01-01T19:41:24.614265,2024-02-21,paid_search,high_value,102.69
225,77,2024-02-21,91.12,2,0.0,2026-01-01T19:41:24.614265,2024-02-21,paid_search,medium_value,91.12
226,77,2024-03-31,82.6,3,15.0,2026-01-01T19:41:24.614265,2024-02-21,paid_search,medium_value,91.12
227,78,2024-02-22,58.64,2,0.0,2026-01-01T19:41:24.614265,2024-02-22,paid_search,medium_value,58.64
228,78,2024-03-23,55.67,1,5.0,2026-01-01T19:41:24.614265,2024-02-22,paid_search,medium_value,58.64
229,78,2024-04-12,64.43,1,10.0,2026-01-01T19:41:24.614265,2024-02-22,paid_search,medium_value,58.64
230,79,2024-02-22,104.26,5,0.0,2026-01-01T19:41:24.614265,2024-02-22,paid_search,high_value,104.26
231,79,2024-03-31,77.04,2,0.0,2026-01-01T19:41:24.614265,2024-02-22,paid_search,high_value,104.26
232,79,2024-05-28,105.57,4,0.0,2026-01-01T19:41:24.614265,2024-02-22,paid_search,high_value,104.26
233,80,2024-02-22,61.4,4,0.0,2026-01-01T19:41:24.614265,2024-02-22,paid_search,medium_value,61.4
234,80,2024-03-18,46.95,3,0.0,2026-01-01T19:41:24.614265,2024-02-22,paid_search,medium_value,61.4
235,81,2024-02-22,87.94,1,0.0,2026-01-01T19:41:24.614265,2024-02-22,paid_search,medium_value,87.94
236,81,2024-04-14,88.71,4,0.0,2026-01-01T19:41:24.614265,2024-02-22,paid_search,medium_value,87.94
237,82,2024-02-23,109.22,2,0.0,2026-01-01T19:41:24.614265,2024-02-23,paid_search,high_value,109.22
238,82,2024-03-24,113.98,4,5.0,2026-01-01T19:41:24.614265,2024-02-23,paid_search,high_value,109.22
239,83,2024-02-24,119.55,4,0.0,2026-01-01T19:41:24.614265,2024-02-24,paid_search,high_value,119.55
240,83,2024-04-10,129.21,1,0.0,2026-01-01T19:41:24.614265,2024-02-24,paid_search,high_value,119.55
241,83,2024-05-19,105.21,1,15.0,2026-01-01T19:41:24.614265,2024-02-24,paid_search,high_value,119.55
242,83,2024-07-06,86.41,2,20.0,2026-01-01T19:41:24.614265,2024-02-24,paid_search,high_value,119.55
243,84,2024-02-25,99.61,2,0.0,2026-01-01T19:41:24.614265,2024-02-25,paid_search,medium_value,99.61
244,85,2024-02-25,85.62,4,0.0,2026-01-01T19:41:24.614265,2024-02-25,paid_search,medium_value,85.62
245,85,2024-03-28,89.18,4,0.0,2026-01-01T19:41:24.614265,2024-02-25,paid_search,medium_value,85.62
246,86,2024-02-26,114.36,4,0.0,2026-01-01T19:41:24.614265,2024-02-26,paid_search,high_value,114.36
247,86,2024-04-07,121.23,1,5.0,2026-01-01T19:41:24.614265,2024-02-26,paid_search,high_value,114.36
248,86,2024-05-30,85.01,4,5.0,2026-01-01T19:41:24.614265,2024-02-26,paid_search,high_value,114.36
249,86,2024-06-27,83.0,4,0.0,2026-01-01T19:41:24.614265,2024-02-26,paid_search,high_value,114.36
250,86,2024-08-20,101.84,4,0.0,2026-01-01T19:41:24.614265,2024-02-26,paid_search,high_value,114.36
251,87,2024-02-26,113.95,5,0.0,2026-01-01T19:41:24.614265,2024-02-26,paid_search,high_value,113.95
252,87,2024-04-03,86.4,3,0.0,2026-01-01T19:41:24.614265,2024-02-26,paid_search,high_value,113.95
253,87,2024-05-18,115.05,3,0.0,2026-01-01T19:41:24.614265,2024-02-26,paid_search,high_value,113.95
254,88,2024-02-26,117.0,4,0.0,2026-01-01T19:41:24.614265,2024-02-26,paid_search,high_value,117.0
255,88,2024-03-17,122.52,4,20.0,2026-01-01T19:41:24.614265,2024-02-26,paid_search,high_value,117.0
256,88,2024-05-03,90.14,1,0.0,2026-01-01T19:41:24.614265,2024-02-26,paid_search,high_value,117.0
257,88,2024-05-15,95.86,4,15.0,2026-01-01T19:41:24.614265,2024-02-26,paid_search,high_value,117.0
258,88,2024-07-03,123.7,1,0.0,2026-01-01T19:41:24.614265,2024-02-26,paid_search,high_value,117.0
259,88,2024-08-06,97.91,3,20.0,2026-01-01T19:41:24.614265,2024-02-26,paid_search,high_value,117.0
260,88,2024-09-04,125.98,4,5.0,2026-01-01T19:41:24.614265,2024-02-26,paid_search,high_value,117.0
261,89,2024-02-26,57.9,4,0.0,2026-01-01T19:41:24.614265,2024-02-26,paid_search,medium_value,57.9
262,89,2024-04-17,53.74,1,20.0,2026-01-01T19:41:24.614265,2024-02-26,paid_search,medium_value,57.9
263,90,2024-02-26,50.8,1,0.0,2026-01-01T19:41:24.614265,2024-02-26,paid_search,medium_value,50.8
264,91,2024-02-27,53.38,3,0.0,2026-01-01T19:41:24.614265,2024-02-27,paid_search,medium_value,53.38
265,92,2024-02-27,64.49,1,0.0,2026-01-01T19:41:24.614265,2024-02-27,paid_search,medium_value,64.49
266,92,2024-04-03,69.23,3,5.0,2026-01-01T19:41:24.614265,2024-02-27,paid_search,medium_value,64.49
267,92,2024-05-23,55.63,1,10.0,2026-01-01T19:41:24.614265,2024-02-27,paid_search,medium_value,64.49
268,93,2024-02-28,111.21,2,0.0,2026-01-01T19:41:24.614265,2024-02-28,paid_search,high_value,111.21
269,93,2024-04-15,120.97,1,0.0,2026-01-01T19:41:24.614265,2024-02-28,paid_search,high_value,111.21
270,93,2024-05-04,96.54,2,10.0,2026-01-01T19:41:24.614265,2024-02-28,paid_search,high_value,111.21
271,93,2024-05-24,93.33,1,0.0,2026-01-01T19:41:24.614265,2024-02-28,paid_search,high_value,111.21
272,93,2024-06-23,78.57,1,0.0,2026-01-01T19:41:24.614265,2024-02-28,paid_search,high_value,111.21
273,93,2024-08-10,122.29,4,5.0,2026-01-01T19:41:24.614265,2024-02-28,paid_search,high_value,111.21
274,93,2024-10-09,101.98,3,10.0,2026-01-01T19:41:24.614265,2024-02-28,paid_search,high_value,111.21
275,93,2024-10-27,98.26,2,0.0,2026-01-01T19:41:24.614265,2024-02-28,paid_search,high_value,111.21
276,93,2024-11-13,101.99,3,5.0,2026-01-01T19:41:24.614265,2024-02-28,paid_search,high_value,111.21
277,94,2024-02-28,107.35,4,0.0,2026-01-01T19:41:24.614265,2024-02-28,paid_search,high_value,107.35
278,94,2024-04-19,101.78,1,20.0,2026-01-01T19:41:24.614265,2024-02-28,paid_search,high_value,107.35
279,94,2024-06-06,75.85,1,5.0,2026-01-01T19:41:24.614265,2024-02-28,paid_search,high_value,107.35
280,94,2024-07-31,101.93,1,10.0,2026-01-01T19:41:24.614265,2024-02-28,paid_search,high_value,107.35
281,94,2024-09-08,100.1,3,0.0,2026-01-01T19:41:24.614265,2024-02-28,paid_search,high_value,107.35
282,94,2024-11-03,94.67,1,5.0,2026-01-01T19:41:24.614265,2024-02-28,paid_search,high_value,107.35
283,95,2024-02-28,58.06,4,0.0,2026-01-01T19:41:24.614265,2024-02-28,paid_search,medium_value,58.06
284,95,2024-04-25,61.87,4,5.0,2026-01-01T19:41:24.614265,2024-02-28,paid_search,medium_value,58.06
285,96,2024-02-28,100.28,3,0.0,2026-01-01T19:41:24.614265,2024-02-28,paid_search,high_value,100.28
286,96,2024-03-23,105.48,3,0.0,2026-01-01T19:41:24.614265,2024-02-28,paid_search,high_value,100.28
287,97,2024-02-29,71.03,2,0.0,2026-01-01T19:41:24.614265,2024-02-29,paid_search,medium_value,71.03
288,97,2024-04-02,50.65,2,0.0,2026-01-01T19:41:24.614265,2024-02-29,paid_search,medium_value,71.03
289,98,2024-03-01,50.09,3,0.0,2026-01-01T19:41:24.614265,2024-03-01,paid_search,medium_value,50.09
290,98,2024-04-13,54.96,4,0.0,2026-01-01T19:41:24.614265,2024-03-01,paid_search,medium_value,50.09
291,98,2024-05-31,42.94,4,0.0,2026-01-01T19:41:24.614265,2024-03-01,paid_search,medium_value,50.09
292,98,2024-07-17,42.89,2,15.0,2026-01-01T19:41:24.614265,2024-03-01,paid_search,medium_value,50.09
293,99,2024-03-01,72.7,3,0.0,2026-01-01T19:41:24.614265,2024-03-01,paid_search,medium_value,72.7
294,99,2024-03-14,71.54,1,0.0,2026-01-01T19:41:24.614265,2024-03-01,paid_search,medium_value,72.7
295,100,2024-03-02,105.76,3,0.0,2026-01-01T19:41:24.614265,2024-03-02,paid_search,high_value,105.76
296,100,2024-03-29,82.65,1,0.0,2026-01-01T19:41:24.614265,2024-03-02,paid_search,high_value,105.76
297,100,2024-05-15,106.61,1,0.0,2026-01-01T19:41:24.614265,2024-03-02,paid_search,high_value,105.76
298,100,2024-06-25,112.98,4,0.0,2026-01-01T19:41:24.614265,2024-03-02,paid_search,high_value,105.76
299,100,2024-08-17,79.55,3,5.0,2026-01-01T19:41:24.614265,2024-03-02,paid_search,high_value,105.76
300,100,2024-10-04,112.02,2,0.0,2026-01-01T19:41:24.614265,2024-03-02,paid_search,high_value,105.76
301,100,2024-10-26,104.76,4,20.0,2026-01-01T19:41:24.614265,2024-03-02,paid_search,high_value,105.76
302,101,2024-03-03,68.6,3,0.0,2026-01-01T19:41:24.614265,2024-03-03,paid_search,medium_value,68.6
303,101,2024-03-19,65.24,1,15.0,2026-01-01T19:41:24.614265,2024-03-03,paid_search,medium_value,68.6
304,102,2024-03-04,109.49,4,0.0,2026-01-01T19:41:24.614265,2024-03-04,paid_search,high_value,109.49
305,102,2024-03-20,89.01,1,0.0,2026-01-01T19:41:24.614265,2024-03-04,paid_search,high_value,109.49
306,103,2024-03-04,70.66,4,0.0,2026-01-01T19:41:24.614265,2024-03-04,paid_search,medium_value,70.66
307,104,2024-03-05,64.65,4,0.0,2026-01-01T19:41:24.614265,2024-03-05,paid_search,medium_value,64.65
308,104,2024-05-01,45.82,4,0.0,2026-01-01T19:41:24.614265,2024-03-05,paid_search,medium_value,64.65
309,105,2024-03-05,67.49,2,0.0,2026-01-01T19:41:24.614265,2024-03-05,paid_search,medium_value,67.49
310,106,2024-03-05,114.85,3,0.0,2026-01-01T19:41:24.614265,2024-03-05,paid_search,high_value,114.85
311,106,2024-04-09,117.54,3,0.0,2026-01-01T19:41:24.614265,2024-03-05,paid_search,high_value,114.85
312,106,2024-04-27,110.7,1,15.0,2026-01-01T19:41:24.614265,2024-03-05,paid_search,high_value,114.85
313,106,2024-05-25,126.05,1,5.0,2026-01-01T19:41:24.614265,2024-03-05,paid_search,high_value,114.85
314,106,2024-07-18,92.09,2,0.0,2026-01-01T19:41:24.614265,2024-03-05,paid_search,high_value,114.85
315,106,2024-08-28,81.45,2,10.0,2026-01-01T19:41:24.614265,2024-03-05,paid_search,high_value,114.85
316,107,2024-03-05,82.5,3,0.0,2026-01-01T19:41:24.614265,2024-03-05,paid_search,medium_value,82.5
317,107,2024-03-25,58.72,2,0.0,2026-01-01T19:41:24.614265,2024-03-05,paid_search,medium_value,82.5
318,107,2024-05-15,88.76,3,0.0,2026-01-01T19:41:24.614265,2024-03-05,paid_search,medium_value,82.5
319,108,2024-03-05,116.14,2,0.0,2026-01-01T19:41:24.614265,2024-03-05,paid_search,high_value,116.14
320,108,2024-04-16,111.58,4,5.0,2026-01-01T19:41:24.614265,2024-03-05,paid_search,high_value,116.14
321,108,2024-05-18,124.15,2,0.0,2026-01-01T19:41:24.614265,2024-03-05,paid_search,high_value,116.14
322,108,2024-07-09,94.36,1,5.0,2026-01-01T19:41:24.614265,2024-03-05,paid_search,high_value,116.14
323,108,2024-09-03,108.59,2,0.0,2026-01-01T19:41:24.614265,2024-03-05,paid_search,high_value,116.14
324,109,2024-03-06,92.1,4,0.0,2026-01-01T19:41:24.614265,2024-03-06,paid_search,medium_value,92.1
325,109,2024-04-29,74.48,1,0.0,2026-01-01T19:41:24.614265,2024-03-06,paid_search,medium_value,92.1
326,109,2024-06-11,77.47,1,15.0,2026-01-01T19:41:24.614265,2024-03-06,paid_search,medium_value,92.1
327,110,2024-03-06,122.77,2,0.0,2026-01-01T19:41:24.614265,2024-03-06,paid_search,high_value,122.77
328,110,2024-04-08,100.35,3,20.0,2026-01-01T19:41:24.614265,2024-03-06,paid_search,high_value,122.77
329,110,2024-04-22,94.77,4,0.0,2026-01-01T19:41:24.614265,2024-03-06,paid_search,high_value,122.77
330,111,2024-03-06,48.55,2,0.0,2026-01-01T19:41:24.614265,2024-03-06,paid_search,low_value,48.55
331,111,2024-04-24,41.2,3,0.0,2026-01-01T19:41:24.614265,2024-03-06,paid_search,low_value,48.55
332,112,2024-03-06,118.1,1,0.0,2026-01-01T19:41:24.614265,2024-03-06,paid_search,high_value,118.1
333,112,2024-03-13,116.53,4,0.0,2026-01-01T19:41:24.614265,2024-03-06,paid_search,high_value,118.1
334,112,2024-04-09,125.13,1,10.0,2026-01-01T19:41:24.614265,2024-03-06,paid_search,high_value,118.1
335,113,2024-03-06,85.04,3,0.0,2026-01-01T19:41:24.614265,2024-03-06,paid_search,medium_value,85.04
336,113,2024-03-30,83.89,1,20.0,2026-01-01T19:41:24.614265,2024-03-06,paid_search,medium_value,85.04
337,114,2024-03-07,116.24,4,0.0,2026-01-01T19:41:24.614265,2024-03-07,paid_search,high_value,116.24
338,114,2024-04-10,96.14,2,0.0,2026-01-01T19:41:24.614265,2024-03-07,paid_search,high_value,116.24
339,114,2024-06-07,104.33,3,0.0,2026-01-01T19:41:24.614265,2024-03-07,paid_search,high_value,116.24
340,114,2024-06-21,102.42,3,10.0,2026-01-01T19:41:24.614265,2024-03-07,paid_search,high_value,116.24
341,114,2024-07-13,108.17,1,0.0,2026-01-01T19:41:24.614265,2024-03-07,paid_search,high_value,116.24
342,114,2024-08-25,127.3,3,5.0,2026-01-01T19:41:24.614265,2024-03-07,paid_search,high_value,116.24
343,114,2024-09-26,83.09,1,10.0,2026-01-01T19:41:24.614265,2024-03-07,paid_search,high_value,116.24
344,114,2024-10-04,84.6,4,0.0,2026-01-01T19:41:24.614265,2024-03-07,paid_search,high_value,116.24
345,115,2024-03-07,74.94,3,0.0,2026-01-01T19:41:24.614265,2024-03-07,paid_search,medium_value,74.94
346,115,2024-04-05,64.46,3,10.0,2026-01-01T19:41:24.614265,2024-03-07,paid_search,medium_value,74.94
347,115,2024-04-15,64.25,4,15.0,2026-01-01T19:41:24.614265,2024-03-07,paid_search,medium_value,74.94
348,115,2024-06-02,81.45,3,0.0,2026-01-01T19:41:24.614265,2024-03-07,paid_search,medium_value,74.94
349,116,2024-03-07,67.86,1,0.0,2026-01-01T19:41:24.614265,2024-03-07,paid_search,medium_value,67.86
350,116,2024-05-05,47.78,3,0.0,2026-01-01T19:41:24.614265,2024-03-07,paid_search,medium_value,67.86
351,117,2024-03-07,47.1,4,0.0,2026-01-01T19:41:24.614265,2024-03-07,paid_search,low_value,47.1
352,117,2024-03-19,36.57,3,20.0,2026-01-01T19:41:24.614265,2024-03-07,paid_search,low_value,47.1
353,118,2024-03-08,115.11,1,0.0,2026-01-01T19:41:24.614265,2024-03-08,paid_search,high_value,115.11
354,118,2024-05-04,82.56,3,0.0,2026-01-01T19:41:24.614265,2024-03-08,paid_search,high_value,115.11
355,118,2024-06-01,112.25,4,20.0,2026-01-01T19:41:24.614265,2024-03-08,paid_search,high_value,115.11
356,118,2024-06-18,123.16,4,10.0,2026-01-01T19:41:24.614265,2024-03-08,paid_search,high_value,115.11
357,118,2024-07-15,120.26,4,20.0,2026-01-01T19:41:24.614265,2024-03-08,paid_search,high_value,115.11
358,119,2024-03-08,54.18,1,0.0,2026-01-01T19:41:24.614265,2024-03-08,paid_search,medium_value,54.18
359,119,2024-04-14,52.26,3,0.0,2026-01-01T19:41:24.614265,2024-03-08,paid_search,medium_value,54.18
360,119,2024-04-26,43.64,1,0.0,2026-01-01T19:41:24.614265,2024-03-08,paid_search,medium_value,54.18
361,120,2024-03-09,59.53,5,0.0,2026-01-01T19:41:24.614265,2024-03-09,paid_search,medium_value,59.53
362,120,2024-04-26,59.18,1,0.0,2026-01-01T19:41:24.614265,2024-03-09,paid_search,medium_value,59.53
363,120,2024-06-03,43.11,2,0.0,2026-01-01T19:41:24.614265,2024-03-09,paid_search,medium_value,59.53
364,121,2024-03-10,77.28,4,0.0,2026-01-01T19:41:24.614265,2024-03-10,paid_search,medium_value,77.28
365,121,2024-03-23,64.62,3,20.0,2026-01-01T19:41:24.614265,2024-03-10,paid_search,medium_value,77.28
366,121,2024-04-28,74.35,1,20.0,2026-01-01T19:41:24.614265,2024-03-10,paid_search,medium_value,77.28
367,122,2024-03-11,90.9,3,0.0,2026-01-01T19:41:24.614265,2024-03-11,paid_search,medium_value,90.9
368,122,2024-04-15,95.19,2,10.0,2026-01-01T19:41:24.614265,2024-03-11,paid_search,medium_value,90.9
369,123,2024-03-12,119.56,1,0.0,2026-01-01T19:41:24.614265,2024-03-12,paid_search,high_value,119.56
370,123,2024-03-29,116.51,1,20.0,2026-01-01T19:41:24.614265,2024-03-12,paid_search,high_value,119.56
371,123,2024-04-11,119.32,1,0.0,2026-01-01T19:41:24.614265,2024-03-12,paid_search,high_value,119.56
372,124,2024-03-12,81.39,3,0.0,2026-01-01T19:41:24.614265,2024-03-12,paid_search,medium_value,81.39
373,124,2024-04-30,74.26,3,0.0,2026-01-01T19:41:24.614265,2024-03-12,paid_search,medium_value,81.39
374,124,2024-06-11,59.71,2,5.0,2026-01-01T19:41:24.614265,2024-03-12,paid_search,medium_value,81.39
375,125,2024-03-13,69.39,4,0.0,2026-01-01T19:41:24.614265,2024-03-13,paid_search,medium_value,69.39
376,126,2024-03-13,103.33,4,0.0,2026-01-01T19:41:24.614265,2024-03-13,paid_search,high_value,103.33
377,126,2024-03-26,74.36,4,5.0,2026-01-01T19:41:24.614265,2024-03-13,paid_search,high_value,103.33
378,126,2024-04-14,88.98,3,10.0,2026-01-01T19:41:24.614265,2024-03-13,paid_search,high_value,103.33
379,127,2024-03-13,108.71,5,0.0,2026-01-01T19:41:24.614265,2024-03-13,paid_search,high_value,108.71
380,127,2024-04-16,80.84,2,0.0,2026-01-01T19:41:24.614265,2024-03-13,paid_search,high_value,108.71
381,127,2024-04-26,115.02,3,10.0,2026-01-01T19:41:24.614265,2024-03-13,paid_search,high_value,108.71
382,127,2024-06-06,80.49,4,0.0,2026-01-01T19:41:24.614265,2024-03-13,paid_search,high_value,108.71
383,127,2024-06-19,85.66,3,20.0,2026-01-01T19:41:24.614265,2024-03-13,paid_search,high_value,108.71
384,127,2024-07-06,110.26,3,0.0,2026-01-01T19:41:24.614265,2024-03-13,paid_search,high_value,108.71
385,128,2024-03-13,83.94,1,0.0,2026-01-01T19:41:24.614265,2024-03-13,paid_search,medium_value,83.94
386,128,2024-04-21,89.24,4,10.0,2026-01-01T19:41:24.614265,2024-03-13,paid_search,medium_value,83.94
387,129,2024-03-13,96.14,2,0.0,2026-01-01T19:41:24.614265,2024-03-13,paid_search,medium_value,96.14
388,129,2024-03-24,73.71,4,0.0,2026-01-01T19:41:24.614265,2024-03-13,paid_search,medium_value,96.14
389,129,2024-03-31,92.91,3,5.0,2026-01-01T19:41:24.614265,2024-03-13,paid_search,medium_value,96.14
390,130,2024-03-14,57.53,2,0.0,2026-01-01T19:41:24.614265,2024-03-14,paid_search,medium_value,57.53
391,131,2024-03-14,96.43,2,0.0,2026-01-01T19:41:24.614265,2024-03-14,paid_search,medium_value,96.43
392,132,2024-03-15,42.9,5,0.0,2026-01-01T19:41:24.614265,2024-03-15,paid_search,low_value,42.9
393,133,2024-03-16,65.75,4,0.0,2026-01-01T19:41:24.614265,2024-03-16,paid_search,medium_value,65.75
394,133,2024-04-07,58.45,1,0.0,2026-01-01T19:41:24.614265,2024-03-16,paid_search,medium_value,65.75
395,134,2024-03-16,107.2,2,0.0,2026-01-01T19:41:24.614265,2024-03-16,paid_search,high_value,107.2
396,134,2024-04-02,107.41,1,20.0,2026-01-01T19:41:24.614265,2024-03-16,paid_search,high_value,107.2
397,134,2024-05-30,106.61,4,5.0,2026-01-01T19:41:24.614265,2024-03-16,paid_search,high_value,107.2
398,135,2024-03-16,56.83,4,0.0,2026-01-01T19:41:24.614265,2024-03-16,paid_search,medium_value,56.83
399,135,2024-04-21,40.09,3,0.0,2026-01-01T19:41:24.614265,2024-03-16,paid_search,medium_value,56.83
400,136,2024-03-17,107.48,5,0.0,2026-01-01T19:41:24.614265,2024-03-17,paid_search,high_value,107.48
401,136,2024-04-10,104.72,1,15.0,2026-01-01T19:41:24.614265,2024-03-17,paid_search,high_value,107.48
402,136,2024-05-13,112.05,2,15.0,2026-01-01T19:41:24.614265,2024-03-17,paid_search,high_value,107.48
403,136,2024-05-21,85.74,4,15.0,2026-01-01T19:41:24.614265,2024-03-17,paid_search,high_value,107.48
404,136,2024-07-14,79.07,1,5.0,2026-01-01T19:41:24.614265,2024-03-17,paid_search,high_value,107.48
405,136,2024-08-18,117.68,2,10.0,2026-01-01T19:41:24.614265,2024-03-17,paid_search,high_value,107.48
406,136,2024-10-07,90.23,4,0.0,2026-01-01T19:41:24.614265,2024-03-17,paid_search,high_value,107.48
407,137,2024-03-17,84.11,3,0.0,2026-01-01T19:41:24.614265,2024-03-17,paid_search,medium_value,84.11
408,137,2024-03-26,78.37,3,15.0,2026-01-01T19:41:24.614265,2024-03-17,paid_search,medium_value,84.11
409,137,2024-05-22,74.19,3,20.0,2026-01-01T19:41:24.614265,2024-03-17,paid_search,medium_value,84.11
410,137,2024-05-29,75.66,2,15.0,2026-01-01T19:41:24.614265,2024-03-17,paid_search,medium_value,84.11
411,138,2024-03-18,107.4,2,0.0,2026-01-01T19:41:24.614265,2024-03-18,paid_search,high_value,107.4
412,138,2024-04-12,101.98,2,15.0,2026-01-01T19:41:24.614265,2024-03-18,paid_search,high_value,107.4
413,138,2024-05-07,77.96,1,0.0,2026-01-01T19:41:24.614265,2024-03-18,paid_search,high_value,107.4
414,138,2024-05-27,87.34,1,10.0,2026-01-01T19:41:24.614265,2024-03-18,paid_search,high_value,107.4
415,138,2024-06-22,75.4,1,0.0,2026-01-01T19:41:24.614265,2024-03-18,paid_search,high_value,107.4
416,138,2024-07-07,90.23,2,0.0,2026-01-01T19:41:24.614265,2024-03-18,paid_search,high_value,107.4
417,139,2024-03-19,49.98,3,0.0,2026-01-01T19:41:24.614265,2024-03-19,paid_search,low_value,49.98
418,140,2024-03-19,94.73,2,0.0,2026-01-01T19:41:24.614265,2024-03-19,paid_search,medium_value,94.73
419,140,2024-03-31,77.33,4,0.0,2026-01-01T19:41:24.614265,2024-03-19,paid_search,medium_value,94.73
420,141,2024-03-20,96.35,4,0.0,2026-01-01T19:41:24.614265,2024-03-20,paid_search,medium_value,96.35
421,141,2024-04-02,101.86,3,0.0,2026-01-01T19:41:24.614265,2024-03-20,paid_search,medium_value,96.35
422,141,2024-05-06,93.61,2,0.0,2026-01-01T19:41:24.614265,2024-03-20,paid_search,medium_value,96.35
423,142,2024-03-21,76.79,3,0.0,2026-01-01T19:41:24.614265,2024-03-21,paid_search,medium_value,76.79
424,142,2024-05-02,59.88,1,0.0,2026-01-01T19:41:24.614265,2024-03-21,paid_search,medium_value,76.79
425,142,2024-06-18,67.92,4,0.0,2026-01-01T19:41:24.614265,2024-03-21,paid_search,medium_value,76.79
426,143,2024-03-22,124.55,4,0.0,2026-01-01T19:41:24.614265,2024-03-22,paid_search,high_value,124.55
427,143,2024-05-01,109.2,3,0.0,2026-01-01T19:41:24.614265,2024-03-22,paid_search,high_value,124.55
428,143,2024-06-04,110.43,4,5.0,2026-01-01T19:41:24.614265,2024-03-22,paid_search,high_value,124.55
429,143,2024-07-16,88.5,4,20.0,2026-01-01T19:41:24.614265,2024-03-22,paid_search,high_value,124.55
430,143,2024-07-31,117.83,2,0.0,2026-01-01T19:41:24.614265,2024-03-22,paid_search,high_value,124.55
431,143,2024-08-30,93.53,3,10.0,2026-01-01T19:41:24.614265,2024-03-22,paid_search,high_value,124.55
432,143,2024-10-01,93.46,1,15.0,2026-01-01T19:41:24.614265,2024-03-22,paid_search,high_value,124.55
433,143,2024-11-25,130.77,1,5.0,2026-01-01T19:41:24.614265,2024-03-22,paid_search,high_value,124.55
434,143,2024-12-19,128.53,1,15.0,2026-01-01T19:41:24.614265,2024-03-22,paid_search,high_value,124.55
435,144,2024-03-22,75.08,5,0.0,2026-01-01T19:41:24.614265,2024-03-22,paid_search,medium_value,75.08
436,144,2024-04-16,69.54,3,15.0,2026-01-01T19:41:24.614265,2024-03-22,paid_search,medium_value,75.08
437,144,2024-05-30,72.81,1,15.0,2026-01-01T19:41:24.614265,2024-03-22,paid_search,medium_value,75.08
438,145,2024-03-22,45.71,2,0.0,2026-01-01T19:41:24.614265,2024-03-22,paid_search,low_value,45.71
439,146,2024-03-23,59.45,2,0.0,2026-01-01T19:41:24.614265,2024-03-23,paid_search,medium_value,59.45
440,146,2024-05-12,56.83,3,0.0,2026-01-01T19:41:24.614265,2024-03-23,paid_search,medium_value,59.45
441,147,2024-03-24,74.21,5,0.0,2026-01-01T19:41:24.614265,2024-03-24,paid_search,medium_value,74.21
442,147,2024-03-31,56.49,1,0.0,2026-01-01T19:41:24.614265,2024-03-24,paid_search,medium_value,74.21
443,147,2024-04-13,66.01,4,20.0,2026-01-01T19:41:24.614265,2024-03-24,paid_search,medium_value,74.21
444,147,2024-04-27,60.85,2,5.0,2026-01-01T19:41:24.614265,2024-03-24,paid_search,medium_value,74.21
445,148,2024-03-24,43.7,5,0.0,2026-01-01T19:41:24.614265,2024-03-24,paid_search,low_value,43.7
446,149,2024-03-24,69.89,5,0.0,2026-01-01T19:41:24.614265,2024-03-24,paid_search,medium_value,69.89
447,150,2024-03-25,113.32,2,0.0,2026-01-01T19:41:24.614265,2024-03-25,paid_search,high_value,113.32
448,150,2024-04-12,85.75,2,15.0,2026-01-01T19:41:24.614265,2024-03-25,paid_search,high_value,113.32
449,150,2024-06-05,111.04,4,0.0,2026-01-01T19:41:24.614265,2024-03-25,paid_search,high_value,113.32
450,150,2024-06-30,109.58,4,10.0,2026-01-01T19:41:24.614265,2024-03-25,paid_search,high_value,113.32
451,150,2024-07-24,97.06,1,15.0,2026-01-01T19:41:24.614265,2024-03-25,paid_search,high_value,113.32
452,150,2024-09-21,98.58,3,0.0,2026-01-01T19:41:24.614265,2024-03-25,paid_search,high_value,113.32
453,151,2024-03-25,58.7,1,0.0,2026-01-01T19:41:24.614265,2024-03-25,paid_search,medium_value,58.7
454,151,2024-04-20,41.89,4,15.0,2026-01-01T19:41:24.614265,2024-03-25,paid_search,medium_value,58.7
455,151,2024-05-19,63.7,4,5.0,2026-01-01T19:41:24.614265,2024-03-25,paid_search,medium_value,58.7
456,151,2024-06-05,49.49,2,20.0,2026-01-01T19:41:24.614265,2024-03-25,paid_search,medium_value,58.7
457,152,2024-03-25,100.02,5,0.0,2026-01-01T19:41:24.614265,2024-03-25,paid_search,high_value,100.02
458,152,2024-04-05,77.0,3,0.0,2026-01-01T19:41:24.614265,2024-03-25,paid_search,high_value,100.02
459,152,2024-05-18,83.59,2,15.0,2026-01-01T19:41:24.614265,2024-03-25,paid_search,high_value,100.02
460,152,2024-07-12,96.36,1,5.0,2026-01-01T19:41:24.614265,2024-03-25,paid_search,high_value,100.02
461,153,2024-03-26,95.77,4,0.0,2026-01-01T19:41:24.614265,2024-03-26,paid_search,medium_value,95.77
462,153,2024-05-17,102.57,3,20.0,2026-01-01T19:41:24.614265,2024-03-26,paid_search,medium_value,95.77
463,153,2024-06-13,89.6,3,10.0,2026-01-01T19:41:24.614265,2024-03-26,paid_search,medium_value,95.77
464,154,2024-03-26,63.65,1,0.0,2026-01-01T19:41:24.614265,2024-03-26,paid_search,medium_value,63.65
465,154,2024-05-18,48.61,1,0.0,2026-01-01T19:41:24.614265,2024-03-26,paid_search,medium_value,63.65
466,154,2024-07-07,56.68,2,20.0,2026-01-01T19:41:24.614265,2024-03-26,paid_search,medium_value,63.65
467,155,2024-03-27,101.45,2,0.0,2026-01-01T19:41:24.614265,2024-03-27,paid_search,high_value,101.45
468,155,2024-04-14,100.56,4,5.0,2026-01-01T19:41:24.614265,2024-03-27,paid_search,high_value,101.45
469,155,2024-05-07,75.66,1,20.0,2026-01-01T19:41:24.614265,2024-03-27,paid_search,high_value,101.45
470,155,2024-06-06,95.63,1,20.0,2026-01-01T19:41:24.614265,2024-03-27,paid_search,high_value,101.45
471,155,2024-07-27,89.26,2,0.0,2026-01-01T19:41:24.614265,2024-03-27,paid_search,high_value,101.45
472,155,2024-09-03,88.77,2,0.0,2026-01-01T19:41:24.614265,2024-03-27,paid_search,high_value,101.45
473,156,2024-03-27,71.77,2,0.0,2026-01-01T19:41:24.614265,2024-03-27,paid_search,medium_value,71.77
474,156,2024-05-06,73.45,1,0.0,2026-01-01T19:41:24.614265,2024-03-27,paid_search,medium_value,71.77
475,157,2024-03-28,53.46,2,0.0,2026-01-01T19:41:24.614265,2024-03-28,paid_search,medium_value,53.46
476,157,2024-04-12,56.52,4,0.0,2026-01-01T19:41:24.614265,2024-03-28,paid_search,medium_value,53.46
477,158,2024-03-29,75.1,3,0.0,2026-01-01T19:41:24.614265,2024-03-29,paid_search,medium_value,75.1
478,158,2024-05-21,81.34,4,15.0,2026-01-01T19:41:24.614265,2024-03-29,paid_search,medium_value,75.1
479,159,2024-03-30,92.54,2,0.0,2026-01-01T19:41:24.614265,2024-03-30,paid_search,medium_value,92.54
480,159,2024-04-28,77.97,2,10.0,2026-01-01T19:41:24.614265,2024-03-30,paid_search,medium_value,92.54
481,160,2024-03-30,56.7,4,0.0,2026-01-01T19:41:24.614265,2024-03-30,paid_search,medium_value,56.7
482,160,2024-04-30,59.51,1,10.0,2026-01-01T19:41:24.614265,2024-03-30,paid_search,medium_value,56.7
483,161,2024-02-22,86.05,5,0.0,2026-01-01T19:41:24.614265,2024-02-22,social,medium_value,86.05
484,161,2024-03-07,77.4,3,0.0,2026-01-01T19:41:24.614265,2024-02-22,social,medium_value,86.05
485,161,2024-05-05,92.61,3,20.0,2026-01-01T19:41:24.614265,2024-02-22,social,medium_value,86.05
486,162,2024-02-22,51.88,3,0.0,2026-01-01T19:41:24.614265,2024-02-22,social,medium_value,51.88
487,162,2024-03-10,56.41,2,0.0,2026-01-01T19:41:24.614265,2024-02-22,social,medium_value,51.88
488,163,2024-02-22,51.4,5,0.0,2026-01-01T19:41:24.614265,2024-02-22,social,medium_value,51.4
489,163,2024-04-13,54.32,4,10.0,2026-01-01T19:41:24.614265,2024-02-22,social,medium_value,51.4
490,164,2024-02-23,79.81,3,0.0,2026-01-01T19:41:24.614265,2024-02-23,social,medium_value,79.81
491,164,2024-03-13,66.55,1,20.0,2026-01-01T19:41:24.614265,2024-02-23,social,medium_value,79.81
492,165,2024-02-23,71.26,2,0.0,2026-01-01T19:41:24.614265,2024-02-23,social,medium_value,71.26
493,166,2024-02-24,54.46,2,0.0,2026-01-01T19:41:24.614265,2024-02-24,social,medium_value,54.46
494,166,2024-04-22,58.77,1,10.0,2026-01-01T19:41:24.614265,2024-02-24,social,medium_value,54.46
495,167,2024-02-24,90.22,1,0.0,2026-01-01T19:41:24.614265,2024-02-24,social,medium_value,90.22
496,168,2024-02-24,97.21,5,0.0,2026-01-01T19:41:24.614265,2024-02-24,social,medium_value,97.21
497,168,2024-03-10,78.57,1,0.0,2026-01-01T19:41:24.614265,2024-02-24,social,medium_value,97.21
498,169,2024-02-24,54.78,4,0.0,2026-01-01T19:41:24.614265,2024-02-24,social,medium_value,54.78
499,170,2024-02-24,91.09,4,0.0,2026-01-01T19:41:24.614265,2024-02-24,social,medium_value,91.09
500,170,2024-04-21,94.73,1,0.0,2026-01-01T19:41:24.614265,2024-02-24,social,medium_value,91.09
501,170,2024-06-17,93.33,4,10.0,2026-01-01T19:41:24.729516,2024-02-24,social,medium_value,91.09
502,171,2024-02-24,55.85,5,0.0,2026-01-01T19:41:24.729516,2024-02-24,social,medium_value,55.85
503,171,2024-03-26,56.2,2,15.0,2026-01-01T19:41:24.729516,2024-02-24,social,medium_value,55.85
504,172,2024-02-24,44.75,4,0.0,2026-01-01T19:41:24.729516,2024-02-24,social,low_value,44.75
505,173,2024-02-24,94.13,4,0.0,2026-01-01T19:41:24.729516,2024-02-24,social,medium_value,94.13
506,173,2024-04-10,102.89,3,0.0,2026-01-01T19:41:24.729516,2024-02-24,social,medium_value,94.13
507,174,2024-02-25,92.18,3,0.0,2026-01-01T19:41:24.729516,2024-02-25,social,medium_value,92.18
508,174,2024-03-06,73.31,1,0.0,2026-01-01T19:41:24.729516,2024-02-25,social,medium_value,92.18
509,174,2024-04-29,92.27,1,20.0,2026-01-01T19:41:24.729516,2024-02-25,social,medium_value,92.18
510,175,2024-02-26,58.72,2,0.0,2026-01-01T19:41:24.729516,2024-02-26,social,medium_value,58.72
511,176,2024-02-26,47.35,1,0.0,2026-01-01T19:41:24.729516,2024-02-26,social,low_value,47.35
512,177,2024-02-26,79.77,4,0.0,2026-01-01T19:41:24.729516,2024-02-26,social,medium_value,79.77
513,177,2024-03-06,65.86,2,10.0,2026-01-01T19:41:24.729516,2024-02-26,social,medium_value,79.77
514,178,2024-02-27,41.03,5,0.0,2026-01-01T19:41:24.729516,2024-02-27,social,low_value,41.03
515,179,2024-02-27,80.21,4,0.0,2026-01-01T19:41:24.729516,2024-02-27,social,medium_value,80.21
516,179,2024-04-08,62.75,3,15.0,2026-01-01T19:41:24.729516,2024-02-27,social,medium_value,80.21
517,180,2024-02-27,70.83,4,0.0,2026-01-01T19:41:24.729516,2024-02-27,social,medium_value,70.83
518,181,2024-02-27,43.48,3,0.0,2026-01-01T19:41:24.729516,2024-02-27,social,low_value,43.48
519,181,2024-03-22,35.98,1,10.0,2026-01-01T19:41:24.729516,2024-02-27,social,low_value,43.48
520,182,2024-02-27,56.33,3,0.0,2026-01-01T19:41:24.729516,2024-02-27,social,medium_value,56.33
521,183,2024-02-27,74.79,3,0.0,2026-01-01T19:41:24.729516,2024-02-27,social,medium_value,74.79
522,183,2024-03-13,77.53,2,10.0,2026-01-01T19:41:24.729516,2024-02-27,social,medium_value,74.79
523,183,2024-04-24,58.66,2,0.0,2026-01-01T19:41:24.729516,2024-02-27,social,medium_value,74.79
524,183,2024-05-16,73.24,4,15.0,2026-01-01T19:41:24.729516,2024-02-27,social,medium_value,74.79
525,184,2024-02-27,34.93,4,0.0,2026-01-01T19:41:24.729516,2024-02-27,social,low_value,34.93
526,185,2024-02-27,89.48,3,0.0,2026-01-01T19:41:24.729516,2024-02-27,social,medium_value,89.48
527,185,2024-03-29,73.39,1,0.0,2026-01-01T19:41:24.729516,2024-02-27,social,medium_value,89.48
528,186,2024-02-27,49.13,5,0.0,2026-01-01T19:41:24.729516,2024-02-27,social,low_value,49.13
529,187,2024-02-28,67.26,4,0.0,2026-01-01T19:41:24.729516,2024-02-28,social,medium_value,67.26
530,187,2024-03-08,53.12,2,5.0,2026-01-01T19:41:24.729516,2024-02-28,social,medium_value,67.26
531,188,2024-02-28,35.66,4,0.0,2026-01-01T19:41:24.729516,2024-02-28,social,low_value,35.66
532,189,2024-02-28,97.15,5,0.0,2026-01-01T19:41:24.729516,2024-02-28,social,medium_value,97.15
533,190,2024-02-28,75.53,5,0.0,2026-01-01T19:41:24.729516,2024-02-28,social,medium_value,75.53
534,191,2024-02-29,74.98,3,0.0,2026-01-01T19:41:24.729516,2024-02-29,social,medium_value,74.98
535,192,2024-02-29,33.78,5,0.0,2026-01-01T19:41:24.729516,2024-02-29,social,low_value,33.78
536,193,2024-02-29,77.33,1,0.0,2026-01-01T19:41:24.729516,2024-02-29,social,medium_value,77.33
537,194,2024-02-29,59.59,5,0.0,2026-01-01T19:41:24.729516,2024-02-29,social,medium_value,59.59
538,194,2024-04-12,58.86,3,20.0,2026-01-01T19:41:24.729516,2024-02-29,social,medium_value,59.59
539,194,2024-05-13,52.85,2,0.0,2026-01-01T19:41:24.729516,2024-02-29,social,medium_value,59.59
540,195,2024-02-29,57.22,3,0.0,2026-01-01T19:41:24.729516,2024-02-29,social,medium_value,57.22
541,195,2024-03-22,57.71,3,0.0,2026-01-01T19:41:24.729516,2024-02-29,social,medium_value,57.22
542,195,2024-04-15,48.33,3,15.0,2026-01-01T19:41:24.729516,2024-02-29,social,medium_value,57.22
543,196,2024-02-29,68.07,1,0.0,2026-01-01T19:41:24.729516,2024-02-29,social,medium_value,68.07
544,196,2024-04-18,56.39,2,0.0,2026-01-01T19:41:24.729516,2024-02-29,social,medium_value,68.07
545,197,2024-02-29,63.34,4,0.0,2026-01-01T19:41:24.729516,2024-02-29,social,medium_value,63.34
546,197,2024-03-07,56.16,4,0.0,2026-01-01T19:41:24.729516,2024-02-29,social,medium_value,63.34
547,197,2024-04-20,68.12,3,0.0,2026-01-01T19:41:24.729516,2024-02-29,social,medium_value,63.34
548,198,2024-02-29,42.45,4,0.0,2026-01-01T19:41:24.729516,2024-02-29,social,low_value,42.45
549,199,2024-02-29,77.69,3,0.0,2026-01-01T19:41:24.729516,2024-02-29,social,medium_value,77.69
550,199,2024-04-07,58.34,2,15.0,2026-01-01T19:41:24.729516,2024-02-29,social,medium_value,77.69
551,200,2024-03-01,73.47,5,0.0,2026-01-01T19:41:24.729516,2024-03-01,social,medium_value,73.47
552,200,2024-04-18,52.56,4,15.0,2026-01-01T19:41:24.729516,2024-03-01,social,medium_value,73.47
553,201,2024-03-01,52.07,1,0.0,2026-01-01T19:41:24.729516,2024-03-01,social,medium_value,52.07
554,201,2024-04-22,57.11,1,0.0,2026-01-01T19:41:24.729516,2024-03-01,social,medium_value,52.07
555,202,2024-03-01,75.51,5,0.0,2026-01-01T19:41:24.729516,2024-03-01,social,medium_value,75.51
556,202,2024-03-12,68.17,1,0.0,2026-01-01T19:41:24.729516,2024-03-01,social,medium_value,75.51
557,203,2024-03-01,75.56,2,0.0,2026-01-01T19:41:24.729516,2024-03-01,social,medium_value,75.56
558,203,2024-03-31,77.95,4,15.0,2026-01-01T19:41:24.729516,2024-03-01,social,medium_value,75.56
559,203,2024-05-04,79.36,1,0.0,2026-01-01T19:41:24.729516,2024-03-01,social,medium_value,75.56
560,204,2024-03-01,50.05,5,0.0,2026-01-01T19:41:24.729516,2024-03-01,social,medium_value,50.05
561,204,2024-04-03,53.0,4,0.0,2026-01-01T19:41:24.729516,2024-03-01,social,medium_value,50.05
562,205,2024-03-01,71.87,5,0.0,2026-01-01T19:41:24.729516,2024-03-01,social,medium_value,71.87
563,205,2024-03-31,51.59,1,0.0,2026-01-01T19:41:24.729516,2024-03-01,social,medium_value,71.87
564,205,2024-04-20,73.54,3,10.0,2026-01-01T19:41:24.729516,2024-03-01,social,medium_value,71.87
565,206,2024-03-02,41.42,5,0.0,2026-01-01T19:41:24.729516,2024-03-02,social,low_value,41.42
566,206,2024-04-24,31.48,1,20.0,2026-01-01T19:41:24.729516,2024-03-02,social,low_value,41.42
567,207,2024-03-02,86.49,2,0.0,2026-01-01T19:41:24.729516,2024-03-02,social,medium_value,86.49
568,208,2024-03-02,39.32,5,0.0,2026-01-01T19:41:24.729516,2024-03-02,social,low_value,39.32
569,209,2024-03-02,79.22,5,0.0,2026-01-01T19:41:24.729516,2024-03-02,social,medium_value,79.22
570,210,2024-03-03,40.15,4,0.0,2026-01-01T19:41:24.729516,2024-03-03,social,low_value,40.15
571,211,2024-03-03,39.91,3,0.0,2026-01-01T19:41:24.729516,2024-03-03,social,low_value,39.91
572,211,2024-04-15,32.62,3,0.0,2026-01-01T19:41:24.729516,2024-03-03,social,low_value,39.91
573,212,2024-03-03,39.41,3,0.0,2026-01-01T19:41:24.729516,2024-03-03,social,low_value,39.41
574,213,2024-03-03,45.41,4,0.0,2026-01-01T19:41:24.729516,2024-03-03,social,low_value,45.41
575,214,2024-03-03,45.48,1,0.0,2026-01-01T19:41:24.729516,2024-03-03,social,low_value,45.48
576,215,2024-03-03,49.59,4,0.0,2026-01-01T19:41:24.729516,2024-03-03,social,low_value,49.59
577,216,2024-03-04,66.5,5,0.0,2026-01-01T19:41:24.729516,2024-03-04,social,medium_value,66.5
578,217,2024-03-04,45.61,2,0.0,2026-01-01T19:41:24.729516,2024-03-04,social,low_value,45.61
579,218,2024-03-04,78.22,5,0.0,2026-01-01T19:41:24.729516,2024-03-04,social,medium_value,78.22
580,218,2024-04-06,75.85,2,15.0,2026-01-01T19:41:24.729516,2024-03-04,social,medium_value,78.22
581,219,2024-03-04,51.7,3,0.0,2026-01-01T19:41:24.729516,2024-03-04,social,medium_value,51.7
582,219,2024-03-16,44.64,2,10.0,2026-01-01T19:41:24.729516,2024-03-04,social,medium_value,51.7
583,220,2024-03-04,35.06,2,0.0,2026-01-01T19:41:24.729516,2024-03-04,social,low_value,35.06
584,221,2024-03-04,64.76,1,0.0,2026-01-01T19:41:24.729516,2024-03-04,social,medium_value,64.76
585,221,2024-04-06,52.15,4,10.0,2026-01-01T19:41:24.729516,2024-03-04,social,medium_value,64.76
586,221,2024-04-15,66.93,2,0.0,2026-01-01T19:41:24.729516,2024-03-04,social,medium_value,64.76
587,222,2024-03-04,46.0,5,0.0,2026-01-01T19:41:24.729516,2024-03-04,social,low_value,46.0
588,223,2024-03-05,93.15,4,0.0,2026-01-01T19:41:24.729516,2024-03-05,social,medium_value,93.15
589,223,2024-04-06,91.17,3,0.0,2026-01-01T19:41:24.729516,2024-03-05,social,medium_value,93.15
590,223,2024-06-04,98.68,1,10.0,2026-01-01T19:41:24.729516,2024-03-05,social,medium_value,93.15
591,223,2024-07-28,99.51,4,5.0,2026-01-01T19:41:24.729516,2024-03-05,social,medium_value,93.15
592,224,2024-03-05,53.99,4,0.0,2026-01-01T19:41:24.729516,2024-03-05,social,medium_value,53.99
593,224,2024-04-11,52.91,2,15.0,2026-01-01T19:41:24.729516,2024-03-05,social,medium_value,53.99
594,225,2024-03-06,32.68,1,0.0,2026-01-01T19:41:24.729516,2024-03-06,social,low_value,32.68
595,225,2024-03-13,30.63,4,0.0,2026-01-01T19:41:24.729516,2024-03-06,social,low_value,32.68
596,226,2024-03-06,76.16,2,0.0,2026-01-01T19:41:24.729516,2024-03-06,social,medium_value,76.16
597,226,2024-04-01,68.34,4,0.0,2026-01-01T19:41:24.729516,2024-03-06,social,medium_value,76.16
598,227,2024-03-07,91.45,3,0.0,2026-01-01T19:41:24.729516,2024-03-07,social,medium_value,91.45
599,227,2024-05-01,70.54,1,0.0,2026-01-01T19:41:24.729516,2024-03-07,social,medium_value,91.45
600,228,2024-03-07,86.79,4,0.0,2026-01-01T19:41:24.729516,2024-03-07,social,medium_value,86.79
601,229,2024-03-07,75.99,1,0.0,2026-01-01T19:41:24.729516,2024-03-07,social,medium_value,75.99
602,229,2024-03-24,56.8,4,0.0,2026-01-01T19:41:24.729516,2024-03-07,social,medium_value,75.99
603,229,2024-04-10,61.96,1,0.0,2026-01-01T19:41:24.729516,2024-03-07,social,medium_value,75.99
604,230,2024-03-08,42.19,3,0.0,2026-01-01T19:41:24.729516,2024-03-08,social,low_value,42.19
605,230,2024-03-28,38.85,2,10.0,2026-01-01T19:41:24.729516,2024-03-08,social,low_value,42.19
606,230,2024-04-06,45.73,2,10.0,2026-01-01T19:41:24.729516,2024-03-08,social,low_value,42.19
607,231,2024-03-08,38.36,4,0.0,2026-01-01T19:41:24.729516,2024-03-08,social,low_value,38.36
608,232,2024-03-08,65.76,3,0.0,2026-01-01T19:41:24.729516,2024-03-08,social,medium_value,65.76
609,232,2024-04-20,57.25,2,5.0,2026-01-01T19:41:24.729516,2024-03-08,social,medium_value,65.76
610,233,2024-03-08,79.53,3,0.0,2026-01-01T19:41:24.729516,2024-03-08,social,medium_value,79.53
611,233,2024-04-11,71.36,2,0.0,2026-01-01T19:41:24.729516,2024-03-08,social,medium_value,79.53
612,234,2024-03-08,39.08,1,0.0,2026-01-01T19:41:24.729516,2024-03-08,social,low_value,39.08
613,235,2024-03-08,49.13,2,0.0,2026-01-01T19:41:24.729516,2024-03-08,social,low_value,49.13
614,236,2024-03-08,47.53,1,0.0,2026-01-01T19:41:24.729516,2024-03-08,social,low_value,47.53
615,237,2024-03-09,96.76,4,0.0,2026-01-01T19:41:24.729516,2024-03-09,social,medium_value,96.76
616,238,2024-03-09,51.74,1,0.0,2026-01-01T19:41:24.729516,2024-03-09,social,medium_value,51.74
617,238,2024-04-30,52.65,2,0.0,2026-01-01T19:41:24.729516,2024-03-09,social,medium_value,51.74
618,239,2024-03-09,62.68,1,0.0,2026-01-01T19:41:24.729516,2024-03-09,social,medium_value,62.68
619,239,2024-04-22,53.31,2,0.0,2026-01-01T19:41:24.729516,2024-03-09,social,medium_value,62.68
620,240,2024-03-09,38.99,4,0.0,2026-01-01T19:41:24.729516,2024-03-09,social,low_value,38.99
621,240,2024-05-07,30.21,3,5.0,2026-01-01T19:41:24.729516,2024-03-09,social,low_value,38.99
622,241,2024-03-10,43.86,2,0.0,2026-01-01T19:41:24.729516,2024-03-10,social,low_value,43.86
623,242,2024-03-10,35.06,1,0.0,2026-01-01T19:41:24.729516,2024-03-10,social,low_value,35.06
624,243,2024-03-10,51.39,1,0.0,2026-01-01T19:41:24.729516,2024-03-10,social,medium_value,51.39
625,243,2024-04-17,47.44,2,0.0,2026-01-01T19:41:24.729516,2024-03-10,social,medium_value,51.39
626,243,2024-06-07,41.38,2,5.0,2026-01-01T19:41:24.729516,2024-03-10,social,medium_value,51.39
627,244,2024-03-11,84.6,4,0.0,2026-01-01T19:41:24.729516,2024-03-11,social,medium_value,84.6
628,245,2024-03-11,52.83,3,0.0,2026-01-01T19:41:24.729516,2024-03-11,social,medium_value,52.83
629,245,2024-04-27,45.27,4,0.0,2026-01-01T19:41:24.729516,2024-03-11,social,medium_value,52.83
630,246,2024-03-11,80.51,1,0.0,2026-01-01T19:41:24.729516,2024-03-11,social,medium_value,80.51
631,246,2024-05-05,80.96,4,5.0,2026-01-01T19:41:24.729516,2024-03-11,social,medium_value,80.51
632,246,2024-06-23,70.04,4,0.0,2026-01-01T19:41:24.729516,2024-03-11,social,medium_value,80.51
633,247,2024-03-11,38.67,1,0.0,2026-01-01T19:41:24.729516,2024-03-11,social,low_value,38.67
634,248,2024-03-11,81.78,4,0.0,2026-01-01T19:41:24.729516,2024-03-11,social,medium_value,81.78
635,249,2024-03-11,35.48,4,0.0,2026-01-01T19:41:24.729516,2024-03-11,social,low_value,35.48
636,249,2024-04-04,32.04,4,20.0,2026-01-01T19:41:24.729516,2024-03-11,social,low_value,35.48
637,250,2024-03-11,87.88,5,0.0,2026-01-01T19:41:24.729516,2024-03-11,social,medium_value,87.88
638,251,2024-03-11,75.62,3,0.0,2026-01-01T19:41:24.729516,2024-03-11,social,medium_value,75.62
639,251,2024-05-08,66.3,3,5.0,2026-01-01T19:41:24.729516,2024-03-11,social,medium_value,75.62
640,251,2024-06-30,59.56,1,15.0,2026-01-01T19:41:24.729516,2024-03-11,social,medium_value,75.62
641,252,2024-03-11,43.58,4,0.0,2026-01-01T19:41:24.729516,2024-03-11,social,low_value,43.58
642,253,2024-03-12,55.74,5,0.0,2026-01-01T19:41:24.729516,2024-03-12,social,medium_value,55.74
643,253,2024-04-28,41.48,3,10.0,2026-01-01T19:41:24.729516,2024-03-12,social,medium_value,55.74
644,253,2024-06-08,39.46,1,15.0,2026-01-01T19:41:24.729516,2024-03-12,social,medium_value,55.74
645,254,2024-03-12,60.95,1,0.0,2026-01-01T19:41:24.729516,2024-03-12,social,medium_value,60.95
646,254,2024-04-10,61.36,1,10.0,2026-01-01T19:41:24.729516,2024-03-12,social,medium_value,60.95
647,255,2024-03-12,72.92,5,0.0,2026-01-01T19:41:24.729516,2024-03-12,social,medium_value,72.92
648,255,2024-03-29,75.49,2,5.0,2026-01-01T19:41:24.729516,2024-03-12,social,medium_value,72.92
649,255,2024-04-15,77.61,4,0.0,2026-01-01T19:41:24.729516,2024-03-12,social,medium_value,72.92
650,255,2024-06-07,58.3,1,0.0,2026-01-01T19:41:24.729516,2024-03-12,social,medium_value,72.92
651,256,2024-03-12,89.6,5,0.0,2026-01-01T19:41:24.729516,2024-03-12,social,medium_value,89.6
652,256,2024-04-13,91.08,2,0.0,2026-01-01T19:41:24.729516,2024-03-12,social,medium_value,89.6
653,257,2024-03-13,38.54,3,0.0,2026-01-01T19:41:24.729516,2024-03-13,social,low_value,38.54
654,257,2024-04-29,38.89,1,0.0,2026-01-01T19:41:24.729516,2024-03-13,social,low_value,38.54
655,258,2024-03-14,85.47,1,0.0,2026-01-01T19:41:24.729516,2024-03-14,social,medium_value,85.47
656,258,2024-04-15,64.31,3,15.0,2026-01-01T19:41:24.729516,2024-03-14,social,medium_value,85.47
657,259,2024-03-14,44.39,1,0.0,2026-01-01T19:41:24.729516,2024-03-14,social,low_value,44.39
658,260,2024-03-14,58.55,1,0.0,2026-01-01T19:41:24.729516,2024-03-14,social,medium_value,58.55
659,260,2024-05-13,53.67,1,0.0,2026-01-01T19:41:24.729516,2024-03-14,social,medium_value,58.55
660,260,2024-06-27,61.11,3,20.0,2026-01-01T19:41:24.729516,2024-03-14,social,medium_value,58.55
661,261,2024-03-14,95.05,5,0.0,2026-01-01T19:41:24.729516,2024-03-14,social,medium_value,95.05
662,261,2024-04-19,74.24,4,0.0,2026-01-01T19:41:24.729516,2024-03-14,social,medium_value,95.05
663,261,2024-05-23,70.07,3,5.0,2026-01-01T19:41:24.729516,2024-03-14,social,medium_value,95.05
664,261,2024-07-13,86.81,4,0.0,2026-01-01T19:41:24.729516,2024-03-14,social,medium_value,95.05
665,262,2024-03-14,50.17,4,0.0,2026-01-01T19:41:24.729516,2024-03-14,social,medium_value,50.17
666,263,2024-03-14,57.57,5,0.0,2026-01-01T19:41:24.729516,2024-03-14,social,medium_value,57.57
667,263,2024-04-26,62.76,2,5.0,2026-01-01T19:41:24.729516,2024-03-14,social,medium_value,57.57
668,263,2024-06-02,53.27,3,15.0,2026-01-01T19:41:24.729516,2024-03-14,social,medium_value,57.57
669,264,2024-03-15,87.79,2,0.0,2026-01-01T19:41:24.729516,2024-03-15,social,medium_value,87.79
670,264,2024-04-01,68.75,2,5.0,2026-01-01T19:41:24.729516,2024-03-15,social,medium_value,87.79
671,265,2024-03-15,84.49,2,0.0,2026-01-01T19:41:24.729516,2024-03-15,social,medium_value,84.49
672,265,2024-05-14,75.15,2,15.0,2026-01-01T19:41:24.729516,2024-03-15,social,medium_value,84.49
673,266,2024-03-15,74.68,4,0.0,2026-01-01T19:41:24.729516,2024-03-15,social,medium_value,74.68
674,266,2024-04-10,74.4,2,20.0,2026-01-01T19:41:24.729516,2024-03-15,social,medium_value,74.68
675,267,2024-03-15,84.3,3,0.0,2026-01-01T19:41:24.729516,2024-03-15,social,medium_value,84.3
676,268,2024-03-15,39.85,4,0.0,2026-01-01T19:41:24.729516,2024-03-15,social,low_value,39.85
677,268,2024-04-04,39.93,4,20.0,2026-01-01T19:41:24.729516,2024-03-15,social,low_value,39.85
678,269,2024-03-15,77.75,3,0.0,2026-01-01T19:41:24.729516,2024-03-15,social,medium_value,77.75
679,269,2024-04-20,76.47,1,10.0,2026-01-01T19:41:24.729516,2024-03-15,social,medium_value,77.75
680,269,2024-05-01,66.11,1,20.0,2026-01-01T19:41:24.729516,2024-03-15,social,medium_value,77.75
681,270,2024-03-15,36.31,5,0.0,2026-01-01T19:41:24.729516,2024-03-15,social,low_value,36.31
682,271,2024-03-15,93.76,2,0.0,2026-01-01T19:41:24.729516,2024-03-15,social,medium_value,93.76
683,271,2024-03-29,67.1,4,5.0,2026-01-01T19:41:24.729516,2024-03-15,social,medium_value,93.76
684,272,2024-03-16,42.86,5,0.0,2026-01-01T19:41:24.729516,2024-03-16,social,low_value,42.86
685,273,2024-03-16,59.54,2,0.0,2026-01-01T19:41:24.729516,2024-03-16,social,medium_value,59.54
686,273,2024-04-10,44.48,3,0.0,2026-01-01T19:41:24.729516,2024-03-16,social,medium_value,59.54
687,274,2024-03-16,70.9,5,0.0,2026-01-01T19:41:24.729516,2024-03-16,social,medium_value,70.9
688,274,2024-04-25,69.06,3,20.0,2026-01-01T19:41:24.729516,2024-03-16,social,medium_value,70.9
689,275,2024-03-17,84.65,4,0.0,2026-01-01T19:41:24.729516,2024-03-17,social,medium_value,84.65
690,275,2024-04-14,90.65,2,15.0,2026-01-01T19:41:24.729516,2024-03-17,social,medium_value,84.65
691,275,2024-06-05,87.34,3,0.0,2026-01-01T19:41:24.729516,2024-03-17,social,medium_value,84.65
692,275,2024-06-21,75.19,3,0.0,2026-01-01T19:41:24.729516,2024-03-17,social,medium_value,84.65
693,276,2024-03-18,76.6,2,0.0,2026-01-01T19:41:24.729516,2024-03-18,social,medium_value,76.6
694,277,2024-03-18,44.28,1,0.0,2026-01-01T19:41:24.729516,2024-03-18,social,low_value,44.28
695,277,2024-04-23,41.52,3,0.0,2026-01-01T19:41:24.729516,2024-03-18,social,low_value,44.28
696,278,2024-03-18,57.18,3,0.0,2026-01-01T19:41:24.729516,2024-03-18,social,medium_value,57.18
697,279,2024-03-18,55.81,3,0.0,2026-01-01T19:41:24.729516,2024-03-18,social,medium_value,55.81
698,280,2024-03-18,34.37,3,0.0,2026-01-01T19:41:24.729516,2024-03-18,social,low_value,34.37
699,281,2024-03-18,76.99,3,0.0,2026-01-01T19:41:24.729516,2024-03-18,social,medium_value,76.99
700,281,2024-05-01,58.59,2,15.0,2026-01-01T19:41:24.729516,2024-03-18,social,medium_value,76.99
701,281,2024-05-24,71.25,4,0.0,2026-01-01T19:41:24.729516,2024-03-18,social,medium_value,76.99
702,282,2024-03-18,87.0,5,0.0,2026-01-01T19:41:24.729516,2024-03-18,social,medium_value,87.0
703,282,2024-05-15,86.56,4,10.0,2026-01-01T19:41:24.729516,2024-03-18,social,medium_value,87.0
704,283,2024-03-18,95.77,2,0.0,2026-01-01T19:41:24.729516,2024-03-18,social,medium_value,95.77
705,283,2024-04-08,104.93,2,0.0,2026-01-01T19:41:24.729516,2024-03-18,social,medium_value,95.77
706,283,2024-05-15,100.54,1,0.0,2026-01-01T19:41:24.729516,2024-03-18,social,medium_value,95.77
707,284,2024-03-18,40.99,2,0.0,2026-01-01T19:41:24.729516,2024-03-18,social,low_value,40.99
708,285,2024-03-18,92.33,4,0.0,2026-01-01T19:41:24.729516,2024-03-18,social,medium_value,92.33
709,285,2024-04-26,92.7,4,0.0,2026-01-01T19:41:24.729516,2024-03-18,social,medium_value,92.33
710,285,2024-05-27,90.71,3,0.0,2026-01-01T19:41:24.729516,2024-03-18,social,medium_value,92.33
711,286,2024-03-19,39.84,5,0.0,2026-01-01T19:41:24.729516,2024-03-19,social,low_value,39.84
712,286,2024-05-03,41.31,3,0.0,2026-01-01T19:41:24.729516,2024-03-19,social,low_value,39.84
713,287,2024-03-19,59.23,4,0.0,2026-01-01T19:41:24.729516,2024-03-19,social,medium_value,59.23
714,287,2024-05-15,47.4,4,0.0,2026-01-01T19:41:24.729516,2024-03-19,social,medium_value,59.23
715,288,2024-03-19,35.49,3,0.0,2026-01-01T19:41:24.729516,2024-03-19,social,low_value,35.49
716,288,2024-04-18,36.99,3,20.0,2026-01-01T19:41:24.729516,2024-03-19,social,low_value,35.49
717,289,2024-03-19,49.5,5,0.0,2026-01-01T19:41:24.729516,2024-03-19,social,low_value,49.5
718,290,2024-03-19,52.93,4,0.0,2026-01-01T19:41:24.729516,2024-03-19,social,medium_value,52.93
719,290,2024-05-12,58.13,4,0.0,2026-01-01T19:41:24.729516,2024-03-19,social,medium_value,52.93
720,290,2024-05-31,37.17,3,0.0,2026-01-01T19:41:24.729516,2024-03-19,social,medium_value,52.93
721,291,2024-03-19,78.3,3,0.0,2026-01-01T19:41:24.729516,2024-03-19,social,medium_value,78.3
722,292,2024-03-19,76.57,5,0.0,2026-01-01T19:41:24.729516,2024-03-19,social,medium_value,76.57
723,292,2024-05-06,62.02,4,5.0,2026-01-01T19:41:24.729516,2024-03-19,social,medium_value,76.57
724,293,2024-03-19,82.39,3,0.0,2026-01-01T19:41:24.729516,2024-03-19,social,medium_value,82.39
725,293,2024-03-29,89.68,1,20.0,2026-01-01T19:41:24.729516,2024-03-19,social,medium_value,82.39
726,294,2024-03-19,69.98,5,0.0,2026-01-01T19:41:24.729516,2024-03-19,social,medium_value,69.98
727,294,2024-04-25,69.98,1,15.0,2026-01-01T19:41:24.729516,2024-03-19,social,medium_value,69.98
728,294,2024-05-03,66.14,2,15.0,2026-01-01T19:41:24.729516,2024-03-19,social,medium_value,69.98
729,295,2024-03-20,69.23,2,0.0,2026-01-01T19:41:24.729516,2024-03-20,social,medium_value,69.23
730,295,2024-05-19,71.88,4,0.0,2026-01-01T19:41:24.729516,2024-03-20,social,medium_value,69.23
731,296,2024-03-20,96.06,3,0.0,2026-01-01T19:41:24.729516,2024-03-20,social,medium_value,96.06
732,296,2024-04-30,77.9,2,20.0,2026-01-01T19:41:24.729516,2024-03-20,social,medium_value,96.06
733,297,2024-03-21,76.04,3,0.0,2026-01-01T19:41:24.729516,2024-03-21,social,medium_value,76.04
734,298,2024-03-21,54.49,2,0.0,2026-01-01T19:41:24.729516,2024-03-21,social,medium_value,54.49
735,299,2024-03-21,66.5,4,0.0,2026-01-01T19:41:24.729516,2024-03-21,social,medium_value,66.5
736,299,2024-05-09,64.36,2,0.0,2026-01-01T19:41:24.729516,2024-03-21,social,medium_value,66.5
737,300,2024-03-22,78.04,3,0.0,2026-01-01T19:41:24.729516,2024-03-22,social,medium_value,78.04
738,300,2024-04-26,56.02,2,10.0,2026-01-01T19:41:24.729516,2024-03-22,social,medium_value,78.04
739,301,2024-03-22,38.69,2,0.0,2026-01-01T19:41:24.729516,2024-03-22,social,low_value,38.69
740,302,2024-03-22,75.51,3,0.0,2026-01-01T19:41:24.729516,2024-03-22,social,medium_value,75.51
741,302,2024-04-20,56.41,1,5.0,2026-01-01T19:41:24.729516,2024-03-22,social,medium_value,75.51
742,303,2024-03-22,48.66,4,0.0,2026-01-01T19:41:24.729516,2024-03-22,social,low_value,48.66
743,303,2024-04-03,37.61,2,0.0,2026-01-01T19:41:24.729516,2024-03-22,social,low_value,48.66
744,304,2024-03-22,54.97,2,0.0,2026-01-01T19:41:24.729516,2024-03-22,social,medium_value,54.97
745,305,2024-03-22,76.46,3,0.0,2026-01-01T19:41:24.729516,2024-03-22,social,medium_value,76.46
746,305,2024-05-14,82.37,2,0.0,2026-01-01T19:41:24.729516,2024-03-22,social,medium_value,76.46
747,306,2024-03-22,57.52,3,0.0,2026-01-01T19:41:24.729516,2024-03-22,social,medium_value,57.52
748,306,2024-05-13,46.87,2,0.0,2026-01-01T19:41:24.729516,2024-03-22,social,medium_value,57.52
749,307,2024-03-22,87.04,2,0.0,2026-01-01T19:41:24.729516,2024-03-22,social,medium_value,87.04
750,307,2024-04-10,67.09,3,0.0,2026-01-01T19:41:24.729516,2024-03-22,social,medium_value,87.04
751,307,2024-05-18,73.29,3,0.0,2026-01-01T19:41:24.729516,2024-03-22,social,medium_value,87.04
752,308,2024-03-23,68.79,2,0.0,2026-01-01T19:41:24.729516,2024-03-23,social,medium_value,68.79
753,308,2024-05-22,64.26,2,0.0,2026-01-01T19:41:24.729516,2024-03-23,social,medium_value,68.79
754,308,2024-07-09,70.47,3,20.0,2026-01-01T19:41:24.729516,2024-03-23,social,medium_value,68.79
755,308,2024-08-29,74.8,3,10.0,2026-01-01T19:41:24.729516,2024-03-23,social,medium_value,68.79
756,309,2024-03-23,96.71,5,0.0,2026-01-01T19:41:24.729516,2024-03-23,social,medium_value,96.71
757,310,2024-03-23,36.05,2,0.0,2026-01-01T19:41:24.729516,2024-03-23,social,low_value,36.05
758,311,2024-03-23,74.32,1,0.0,2026-01-01T19:41:24.729516,2024-03-23,social,medium_value,74.32
759,312,2024-03-23,42.7,2,0.0,2026-01-01T19:41:24.729516,2024-03-23,social,low_value,42.7
760,313,2024-03-23,87.67,3,0.0,2026-01-01T19:41:24.729516,2024-03-23,social,medium_value,87.67
761,314,2024-03-23,87.87,1,0.0,2026-01-01T19:41:24.729516,2024-03-23,social,medium_value,87.87
762,314,2024-04-25,78.22,1,0.0,2026-01-01T19:41:24.729516,2024-03-23,social,medium_value,87.87
763,315,2024-03-24,89.01,3,0.0,2026-01-01T19:41:24.729516,2024-03-24,social,medium_value,89.01
764,315,2024-04-29,81.77,1,20.0,2026-01-01T19:41:24.729516,2024-03-24,social,medium_value,89.01
765,315,2024-06-14,78.56,4,10.0,2026-01-01T19:41:24.729516,2024-03-24,social,medium_value,89.01
766,316,2024-03-24,37.37,4,0.0,2026-01-01T19:41:24.729516,2024-03-24,social,low_value,37.37
767,316,2024-05-16,31.74,4,0.0,2026-01-01T19:41:24.729516,2024-03-24,social,low_value,37.37
768,317,2024-03-25,64.46,3,0.0,2026-01-01T19:41:24.729516,2024-03-25,social,medium_value,64.46
769,317,2024-04-15,64.8,1,10.0,2026-01-01T19:41:24.729516,2024-03-25,social,medium_value,64.46
770,317,2024-06-10,52.07,4,10.0,2026-01-01T19:41:24.729516,2024-03-25,social,medium_value,64.46
771,317,2024-06-27,68.9,2,10.0,2026-01-01T19:41:24.729516,2024-03-25,social,medium_value,64.46
772,318,2024-03-25,48.16,2,0.0,2026-01-01T19:41:24.729516,2024-03-25,social,low_value,48.16
773,318,2024-04-22,48.9,1,0.0,2026-01-01T19:41:24.729516,2024-03-25,social,low_value,48.16
774,319,2024-03-25,95.56,3,0.0,2026-01-01T19:41:24.729516,2024-03-25,social,medium_value,95.56
775,319,2024-04-11,84.5,2,15.0,2026-01-01T19:41:24.729516,2024-03-25,social,medium_value,95.56
776,319,2024-04-29,78.41,2,0.0,2026-01-01T19:41:24.729516,2024-03-25,social,medium_value,95.56
777,320,2024-03-25,35.77,2,0.0,2026-01-01T19:41:24.729516,2024-03-25,social,low_value,35.77
778,321,2024-03-25,46.98,1,0.0,2026-01-01T19:41:24.729516,2024-03-25,social,low_value,46.98
779,322,2024-03-25,74.32,5,0.0,2026-01-01T19:41:24.729516,2024-03-25,social,medium_value,74.32
780,322,2024-05-01,56.76,4,0.0,2026-01-01T19:41:24.729516,2024-03-25,social,medium_value,74.32
781,323,2024-03-25,58.71,2,0.0,2026-01-01T19:41:24.729516,2024-03-25,social,medium_value,58.71
782,324,2024-03-25,47.77,4,0.0,2026-01-01T19:41:24.729516,2024-03-25,social,low_value,47.77
783,325,2024-03-26,62.34,3,0.0,2026-01-01T19:41:24.729516,2024-03-26,social,medium_value,62.34
784,325,2024-05-21,51.79,4,0.0,2026-01-01T19:41:24.729516,2024-03-26,social,medium_value,62.34
785,326,2024-03-26,84.58,5,0.0,2026-01-01T19:41:24.729516,2024-03-26,social,medium_value,84.58
786,326,2024-05-03,81.87,1,10.0,2026-01-01T19:41:24.729516,2024-03-26,social,medium_value,84.58
787,326,2024-06-17,65.23,3,0.0,2026-01-01T19:41:24.729516,2024-03-26,social,medium_value,84.58
788,326,2024-07-26,87.06,4,10.0,2026-01-01T19:41:24.729516,2024-03-26,social,medium_value,84.58
789,327,2024-03-26,61.63,2,0.0,2026-01-01T19:41:24.729516,2024-03-26,social,medium_value,61.63
790,327,2024-04-04,48.35,1,5.0,2026-01-01T19:41:24.729516,2024-03-26,social,medium_value,61.63
791,327,2024-05-22,47.58,3,0.0,2026-01-01T19:41:24.729516,2024-03-26,social,medium_value,61.63
792,328,2024-03-26,88.18,4,0.0,2026-01-01T19:41:24.729516,2024-03-26,social,medium_value,88.18
793,328,2024-04-18,95.53,2,5.0,2026-01-01T19:41:24.729516,2024-03-26,social,medium_value,88.18
794,328,2024-06-07,79.97,4,0.0,2026-01-01T19:41:24.729516,2024-03-26,social,medium_value,88.18
795,329,2024-03-27,61.56,3,0.0,2026-01-01T19:41:24.729516,2024-03-27,social,medium_value,61.56
796,330,2024-03-27,40.22,4,0.0,2026-01-01T19:41:24.729516,2024-03-27,social,low_value,40.22
797,331,2024-03-28,64.83,2,0.0,2026-01-01T19:41:24.729516,2024-03-28,social,medium_value,64.83
798,331,2024-05-10,58.53,4,15.0,2026-01-01T19:41:24.729516,2024-03-28,social,medium_value,64.83
799,332,2024-03-28,74.97,4,0.0,2026-01-01T19:41:24.729516,2024-03-28,social,medium_value,74.97
800,333,2024-03-28,39.17,4,0.0,2026-01-01T19:41:24.729516,2024-03-28,social,low_value,39.17
801,333,2024-05-01,31.47,1,15.0,2026-01-01T19:41:24.729516,2024-03-28,social,low_value,39.17
802,334,2024-03-28,59.3,5,0.0,2026-01-01T19:41:24.729516,2024-03-28,social,medium_value,59.3
803,334,2024-05-04,58.4,3,20.0,2026-01-01T19:41:24.729516,2024-03-28,social,medium_value,59.3
804,334,2024-05-22,64.77,4,10.0,2026-01-01T19:41:24.729516,2024-03-28,social,medium_value,59.3
805,334,2024-05-29,49.51,3,15.0,2026-01-01T19:41:24.729516,2024-03-28,social,medium_value,59.3
806,335,2024-03-28,68.71,5,0.0,2026-01-01T19:41:24.729516,2024-03-28,social,medium_value,68.71
807,336,2024-03-28,32.51,4,0.0,2026-01-01T19:41:24.729516,2024-03-28,social,low_value,32.51
808,336,2024-04-22,23.28,4,20.0,2026-01-01T19:41:24.729516,2024-03-28,social,low_value,32.51
809,337,2024-03-28,38.41,3,0.0,2026-01-01T19:41:24.729516,2024-03-28,social,low_value,38.41
810,337,2024-05-12,37.43,4,0.0,2026-01-01T19:41:24.729516,2024-03-28,social,low_value,38.41
811,338,2024-03-28,71.77,3,0.0,2026-01-01T19:41:24.729516,2024-03-28,social,medium_value,71.77
812,338,2024-04-21,55.37,4,0.0,2026-01-01T19:41:24.729516,2024-03-28,social,medium_value,71.77
813,338,2024-05-18,58.78,1,0.0,2026-01-01T19:41:24.729516,2024-03-28,social,medium_value,71.77
814,339,2024-03-28,72.74,1,0.0,2026-01-01T19:41:24.729516,2024-03-28,social,medium_value,72.74
815,339,2024-04-15,53.36,2,0.0,2026-01-01T19:41:24.729516,2024-03-28,social,medium_value,72.74
816,340,2024-03-29,52.3,4,0.0,2026-01-01T19:41:24.729516,2024-03-29,social,medium_value,52.3
817,340,2024-05-04,51.02,4,0.0,2026-01-01T19:41:24.729516,2024-03-29,social,medium_value,52.3
818,340,2024-05-31,44.41,1,0.0,2026-01-01T19:41:24.729516,2024-03-29,social,medium_value,52.3
819,340,2024-07-23,38.26,3,15.0,2026-01-01T19:41:24.729516,2024-03-29,social,medium_value,52.3
820,341,2024-03-29,65.54,4,0.0,2026-01-01T19:41:24.729516,2024-03-29,social,medium_value,65.54
821,341,2024-05-22,52.61,1,15.0,2026-01-01T19:41:24.729516,2024-03-29,social,medium_value,65.54
822,341,2024-06-05,66.68,3,10.0,2026-01-01T19:41:24.729516,2024-03-29,social,medium_value,65.54
823,342,2024-03-29,45.95,5,0.0,2026-01-01T19:41:24.729516,2024-03-29,social,low_value,45.95
824,343,2024-03-29,76.15,3,0.0,2026-01-01T19:41:24.729516,2024-03-29,social,medium_value,76.15
825,344,2024-03-29,94.27,4,0.0,2026-01-01T19:41:24.729516,2024-03-29,social,medium_value,94.27
826,344,2024-05-19,95.34,1,0.0,2026-01-01T19:41:24.729516,2024-03-29,social,medium_value,94.27
827,345,2024-03-29,56.12,3,0.0,2026-01-01T19:41:24.729516,2024-03-29,social,medium_value,56.12
828,345,2024-05-01,43.93,4,20.0,2026-01-01T19:41:24.729516,2024-03-29,social,medium_value,56.12
829,346,2024-03-29,36.03,3,0.0,2026-01-01T19:41:24.729516,2024-03-29,social,low_value,36.03
830,347,2024-03-29,46.99,3,0.0,2026-01-01T19:41:24.729516,2024-03-29,social,low_value,46.99
831,347,2024-04-19,33.23,2,0.0,2026-01-01T19:41:24.729516,2024-03-29,social,low_value,46.99
832,347,2024-05-14,46.58,4,10.0,2026-01-01T19:41:24.729516,2024-03-29,social,low_value,46.99
833,348,2024-03-30,62.04,5,0.0,2026-01-01T19:41:24.729516,2024-03-30,social,medium_value,62.04
834,348,2024-04-30,55.23,1,10.0,2026-01-01T19:41:24.729516,2024-03-30,social,medium_value,62.04
835,348,2024-05-27,52.02,2,5.0,2026-01-01T19:41:24.729516,2024-03-30,social,medium_value,62.04
836,348,2024-07-20,55.81,2,10.0,2026-01-01T19:41:24.729516,2024-03-30,social,medium_value,62.04
837,349,2024-03-31,68.91,4,0.0,2026-01-01T19:41:24.729516,2024-03-31,social,medium_value,68.91
838,349,2024-05-13,74.91,4,15.0,2026-01-01T19:41:24.729516,2024-03-31,social,medium_value,68.91
839,349,2024-06-02,68.86,3,10.0,2026-01-01T19:41:24.729516,2024-03-31,social,medium_value,68.91
840,350,2024-03-31,72.78,3,0.0,2026-01-01T19:41:24.729516,2024-03-31,social,medium_value,72.78
841,350,2024-05-06,51.81,2,10.0,2026-01-01T19:41:24.729516,2024-03-31,social,medium_value,72.78
842,351,2024-04-01,63.25,4,0.0,2026-01-01T19:41:24.729516,2024-04-01,social,medium_value,63.25
843,351,2024-04-26,58.35,2,5.0,2026-01-01T19:41:24.729516,2024-04-01,social,medium_value,63.25
844,351,2024-06-06,47.61,1,10.0,2026-01-01T19:41:24.729516,2024-04-01,social,medium_value,63.25
845,351,2024-06-26,49.62,3,0.0,2026-01-01T19:41:24.729516,2024-04-01,social,medium_value,63.25
846,352,2024-04-01,75.22,2,0.0,2026-01-01T19:41:24.729516,2024-04-01,social,medium_value,75.22
847,353,2024-04-01,79.03,5,0.0,2026-01-01T19:41:24.729516,2024-04-01,social,medium_value,79.03
848,353,2024-05-26,62.2,3,10.0,2026-01-01T19:41:24.729516,2024-04-01,social,medium_value,79.03
849,353,2024-06-25,75.25,3,15.0,2026-01-01T19:41:24.729516,2024-04-01,social,medium_value,79.03
850,354,2024-04-01,39.91,4,0.0,2026-01-01T19:41:24.729516,2024-04-01,social,low_value,39.91
851,355,2024-04-01,81.86,4,0.0,2026-01-01T19:41:24.729516,2024-04-01,social,medium_value,81.86
852,355,2024-05-06,62.44,2,20.0,2026-01-01T19:41:24.729516,2024-04-01,social,medium_value,81.86
853,355,2024-05-13,74.74,4,0.0,2026-01-01T19:41:24.729516,2024-04-01,social,medium_value,81.86
854,356,2024-04-01,46.91,4,0.0,2026-01-01T19:41:24.729516,2024-04-01,social,low_value,46.91
855,357,2024-04-01,54.69,4,0.0,2026-01-01T19:41:24.729516,2024-04-01,social,medium_value,54.69
856,357,2024-05-18,38.92,2,0.0,2026-01-01T19:41:24.729516,2024-04-01,social,medium_value,54.69
857,357,2024-06-30,54.3,3,0.0,2026-01-01T19:41:24.729516,2024-04-01,social,medium_value,54.69
858,358,2024-04-01,86.44,2,0.0,2026-01-01T19:41:24.729516,2024-04-01,social,medium_value,86.44
859,358,2024-04-13,93.42,4,0.0,2026-01-01T19:41:24.729516,2024-04-01,social,medium_value,86.44
860,359,2024-04-02,95.19,2,0.0,2026-01-01T19:41:24.729516,2024-04-02,social,medium_value,95.19
861,359,2024-05-25,99.94,4,0.0,2026-01-01T19:41:24.729516,2024-04-02,social,medium_value,95.19
862,360,2024-04-02,51.48,3,0.0,2026-01-01T19:41:24.729516,2024-04-02,social,medium_value,51.48
863,360,2024-04-13,54.45,4,0.0,2026-01-01T19:41:24.729516,2024-04-02,social,medium_value,51.48
864,360,2024-06-02,48.46,2,0.0,2026-01-01T19:41:24.729516,2024-04-02,social,medium_value,51.48
865,361,2024-04-02,66.43,5,0.0,2026-01-01T19:41:24.729516,2024-04-02,social,medium_value,66.43
866,362,2024-04-02,78.14,2,0.0,2026-01-01T19:41:24.729516,2024-04-02,social,medium_value,78.14
867,362,2024-04-13,54.91,4,0.0,2026-01-01T19:41:24.729516,2024-04-02,social,medium_value,78.14
868,363,2024-04-02,35.48,4,0.0,2026-01-01T19:41:24.729516,2024-04-02,social,low_value,35.48
869,363,2024-05-05,38.43,1,15.0,2026-01-01T19:41:24.729516,2024-04-02,social,low_value,35.48
870,364,2024-04-02,43.17,5,0.0,2026-01-01T19:41:24.729516,2024-04-02,social,low_value,43.17
871,365,2024-04-02,41.63,4,0.0,2026-01-01T19:41:24.729516,2024-04-02,social,low_value,41.63
872,366,2024-04-02,79.1,1,0.0,2026-01-01T19:41:24.729516,2024-04-02,social,medium_value,79.1
873,366,2024-05-04,81.58,1,15.0,2026-01-01T19:41:24.729516,2024-04-02,social,medium_value,79.1
874,366,2024-06-25,84.71,4,15.0,2026-01-01T19:41:24.729516,2024-04-02,social,medium_value,79.1
875,366,2024-07-09,58.65,3,20.0,2026-01-01T19:41:24.729516,2024-04-02,social,medium_value,79.1
876,367,2024-04-03,79.4,2,0.0,2026-01-01T19:41:24.729516,2024-04-03,social,medium_value,79.4
877,367,2024-05-22,66.37,4,0.0,2026-01-01T19:41:24.729516,2024-04-03,social,medium_value,79.4
878,368,2024-04-03,39.45,3,0.0,2026-01-01T19:41:24.729516,2024-04-03,social,low_value,39.45
879,369,2024-04-03,72.21,3,0.0,2026-01-01T19:41:24.729516,2024-04-03,social,medium_value,72.21
880,370,2024-04-03,44.69,4,0.0,2026-01-01T19:41:24.729516,2024-04-03,social,low_value,44.69
881,371,2024-04-03,92.96,2,0.0,2026-01-01T19:41:24.729516,2024-04-03,social,medium_value,92.96
882,371,2024-05-24,81.61,4,20.0,2026-01-01T19:41:24.729516,2024-04-03,social,medium_value,92.96
883,372,2024-04-03,58.04,2,0.0,2026-01-01T19:41:24.729516,2024-04-03,social,medium_value,58.04
884,372,2024-04-28,41.23,3,0.0,2026-01-01T19:41:24.729516,2024-04-03,social,medium_value,58.04
885,373,2024-04-03,62.21,3,0.0,2026-01-01T19:41:24.729516,2024-04-03,social,medium_value,62.21
886,373,2024-05-20,51.13,4,15.0,2026-01-01T19:41:24.729516,2024-04-03,social,medium_value,62.21
887,374,2024-04-03,83.29,2,0.0,2026-01-01T19:41:24.729516,2024-04-03,social,medium_value,83.29
888,374,2024-04-28,86.93,2,0.0,2026-01-01T19:41:24.729516,2024-04-03,social,medium_value,83.29
889,374,2024-05-18,77.73,1,0.0,2026-01-01T19:41:24.729516,2024-04-03,social,medium_value,83.29
890,375,2024-04-04,79.09,3,0.0,2026-01-01T19:41:24.729516,2024-04-04,social,medium_value,79.09
891,376,2024-04-04,39.5,4,0.0,2026-01-01T19:41:24.729516,2024-04-04,social,low_value,39.5
892,377,2024-04-04,59.44,3,0.0,2026-01-01T19:41:24.729516,2024-04-04,social,medium_value,59.44
893,378,2024-04-04,92.73,5,0.0,2026-01-01T19:41:24.729516,2024-04-04,social,medium_value,92.73
894,378,2024-05-12,88.96,4,20.0,2026-01-01T19:41:24.729516,2024-04-04,social,medium_value,92.73
895,378,2024-06-12,65.44,3,0.0,2026-01-01T19:41:24.729516,2024-04-04,social,medium_value,92.73
896,378,2024-07-02,73.23,1,0.0,2026-01-01T19:41:24.729516,2024-04-04,social,medium_value,92.73
897,379,2024-04-04,86.94,3,0.0,2026-01-01T19:41:24.729516,2024-04-04,social,medium_value,86.94
898,379,2024-05-17,92.6,2,0.0,2026-01-01T19:41:24.729516,2024-04-04,social,medium_value,86.94
899,380,2024-04-04,70.77,1,0.0,2026-01-01T19:41:24.729516,2024-04-04,social,medium_value,70.77
900,380,2024-04-17,76.49,1,10.0,2026-01-01T19:41:24.729516,2024-04-04,social,medium_value,70.77
901,380,2024-05-28,73.5,1,10.0,2026-01-01T19:41:24.729516,2024-04-04,social,medium_value,70.77
902,381,2024-04-04,82.69,4,0.0,2026-01-01T19:41:24.729516,2024-04-04,social,medium_value,82.69
903,382,2024-04-04,61.78,2,0.0,2026-01-01T19:41:24.729516,2024-04-04,social,medium_value,61.78
904,382,2024-05-28,47.76,2,15.0,2026-01-01T19:41:24.729516,2024-04-04,social,medium_value,61.78
905,382,2024-07-19,54.52,3,0.0,2026-01-01T19:41:24.729516,2024-04-04,social,medium_value,61.78
906,383,2024-04-04,75.3,1,0.0,2026-01-01T19:41:24.729516,2024-04-04,social,medium_value,75.3
907,384,2024-04-05,94.65,5,0.0,2026-01-01T19:41:24.729516,2024-04-05,social,medium_value,94.65
908,384,2024-04-25,74.87,4,10.0,2026-01-01T19:41:24.729516,2024-04-05,social,medium_value,94.65
909,384,2024-06-05,99.63,3,0.0,2026-01-01T19:41:24.729516,2024-04-05,social,medium_value,94.65
910,385,2024-04-05,41.25,1,0.0,2026-01-01T19:41:24.729516,2024-04-05,social,low_value,41.25
911,385,2024-04-19,36.17,2,5.0,2026-01-01T19:41:24.729516,2024-04-05,social,low_value,41.25
912,385,2024-06-02,32.42,3,5.0,2026-01-01T19:41:24.729516,2024-04-05,social,low_value,41.25
913,386,2024-04-05,64.92,5,0.0,2026-01-01T19:41:24.729516,2024-04-05,social,medium_value,64.92
914,386,2024-04-19,64.14,2,5.0,2026-01-01T19:41:24.729516,2024-04-05,social,medium_value,64.92
915,387,2024-04-06,66.97,1,0.0,2026-01-01T19:41:24.729516,2024-04-06,social,medium_value,66.97
916,387,2024-05-09,62.99,2,5.0,2026-01-01T19:41:24.729516,2024-04-06,social,medium_value,66.97
917,387,2024-06-15,60.65,3,15.0,2026-01-01T19:41:24.729516,2024-04-06,social,medium_value,66.97
918,387,2024-07-26,53.55,3,0.0,2026-01-01T19:41:24.729516,2024-04-06,social,medium_value,66.97
919,388,2024-04-06,35.66,2,0.0,2026-01-01T19:41:24.729516,2024-04-06,social,low_value,35.66
920,389,2024-04-06,93.3,1,0.0,2026-01-01T19:41:24.729516,2024-04-06,social,medium_value,93.3
921,389,2024-05-15,82.87,2,0.0,2026-01-01T19:41:24.729516,2024-04-06,social,medium_value,93.3
922,389,2024-06-18,90.43,4,0.0,2026-01-01T19:41:24.729516,2024-04-06,social,medium_value,93.3
923,389,2024-08-07,85.41,2,0.0,2026-01-01T19:41:24.729516,2024-04-06,social,medium_value,93.3
924,390,2024-04-07,87.02,2,0.0,2026-01-01T19:41:24.729516,2024-04-07,social,medium_value,87.02
925,390,2024-05-03,72.05,4,10.0,2026-01-01T19:41:24.729516,2024-04-07,social,medium_value,87.02
926,390,2024-05-29,93.2,2,0.0,2026-01-01T19:41:24.729516,2024-04-07,social,medium_value,87.02
927,391,2024-04-07,63.89,2,0.0,2026-01-01T19:41:24.729516,2024-04-07,social,medium_value,63.89
928,391,2024-05-09,64.81,2,20.0,2026-01-01T19:41:24.729516,2024-04-07,social,medium_value,63.89
929,391,2024-06-18,69.8,4,15.0,2026-01-01T19:41:24.729516,2024-04-07,social,medium_value,63.89
930,392,2024-04-07,65.54,2,0.0,2026-01-01T19:41:24.729516,2024-04-07,social,medium_value,65.54
931,392,2024-06-06,53.84,3,0.0,2026-01-01T19:41:24.729516,2024-04-07,social,medium_value,65.54
932,392,2024-07-05,67.62,4,0.0,2026-01-01T19:41:24.729516,2024-04-07,social,medium_value,65.54
933,393,2024-04-07,92.38,4,0.0,2026-01-01T19:41:24.729516,2024-04-07,social,medium_value,92.38
934,393,2024-05-09,66.71,3,5.0,2026-01-01T19:41:24.729516,2024-04-07,social,medium_value,92.38
935,394,2024-04-07,44.02,2,0.0,2026-01-01T19:41:24.729516,2024-04-07,social,low_value,44.02
936,395,2024-04-07,70.11,2,0.0,2026-01-01T19:41:24.729516,2024-04-07,social,medium_value,70.11
937,395,2024-05-29,56.25,3,20.0,2026-01-01T19:41:24.729516,2024-04-07,social,medium_value,70.11
938,396,2024-04-08,79.98,3,0.0,2026-01-01T19:41:24.729516,2024-04-08,social,medium_value,79.98
939,396,2024-05-09,66.41,2,10.0,2026-01-01T19:41:24.729516,2024-04-08,social,medium_value,79.98
940,397,2024-04-09,40.84,5,0.0,2026-01-01T19:41:24.729516,2024-04-09,social,low_value,40.84
941,398,2024-04-09,57.68,3,0.0,2026-01-01T19:41:24.729516,2024-04-09,social,medium_value,57.68
942,398,2024-05-01,44.08,4,15.0,2026-01-01T19:41:24.729516,2024-04-09,social,medium_value,57.68
943,399,2024-04-09,71.54,4,0.0,2026-01-01T19:41:24.729516,2024-04-09,social,medium_value,71.54
944,400,2024-04-10,89.88,2,0.0,2026-01-01T19:41:24.729516,2024-04-10,social,medium_value,89.88
945,400,2024-05-25,83.99,1,0.0,2026-01-01T19:41:24.729516,2024-04-10,social,medium_value,89.88
946,400,2024-06-22,72.84,4,0.0,2026-01-01T19:41:24.729516,2024-04-10,social,medium_value,89.88
947,400,2024-07-07,94.58,3,0.0,2026-01-01T19:41:24.729516,2024-04-10,social,medium_value,89.88
948,401,2024-04-10,65.27,2,0.0,2026-01-01T19:41:24.729516,2024-04-10,social,medium_value,65.27
949,402,2024-04-10,57.5,2,0.0,2026-01-01T19:41:24.729516,2024-04-10,social,medium_value,57.5
950,402,2024-05-21,57.79,3,0.0,2026-01-01T19:41:24.729516,2024-04-10,social,medium_value,57.5
951,402,2024-07-16,41.81,3,20.0,2026-01-01T19:41:24.729516,2024-04-10,social,medium_value,57.5
952,403,2024-04-10,96.17,4,0.0,2026-01-01T19:41:24.729516,2024-04-10,social,medium_value,96.17
953,403,2024-05-07,85.33,3,5.0,2026-01-01T19:41:24.729516,2024-04-10,social,medium_value,96.17
954,403,2024-06-26,104.69,3,0.0,2026-01-01T19:41:24.729516,2024-04-10,social,medium_value,96.17
955,404,2024-04-10,92.03,2,0.0,2026-01-01T19:41:24.729516,2024-04-10,social,medium_value,92.03
956,404,2024-05-13,80.15,4,20.0,2026-01-01T19:41:24.729516,2024-04-10,social,medium_value,92.03
957,405,2024-04-10,82.05,5,0.0,2026-01-01T19:41:24.729516,2024-04-10,social,medium_value,82.05
958,405,2024-05-19,69.69,4,10.0,2026-01-01T19:41:24.729516,2024-04-10,social,medium_value,82.05
959,406,2024-04-10,50.28,5,0.0,2026-01-01T19:41:24.729516,2024-04-10,social,medium_value,50.28
960,407,2024-04-10,95.13,5,0.0,2026-01-01T19:41:24.729516,2024-04-10,social,medium_value,95.13
961,407,2024-05-23,79.29,1,0.0,2026-01-01T19:41:24.729516,2024-04-10,social,medium_value,95.13
962,408,2024-04-10,95.58,5,0.0,2026-01-01T19:41:24.729516,2024-04-10,social,medium_value,95.58
963,408,2024-05-19,99.26,4,0.0,2026-01-01T19:41:24.729516,2024-04-10,social,medium_value,95.58
964,409,2024-04-10,61.93,1,0.0,2026-01-01T19:41:24.729516,2024-04-10,social,medium_value,61.93
965,409,2024-05-04,54.89,2,15.0,2026-01-01T19:41:24.729516,2024-04-10,social,medium_value,61.93
966,410,2024-04-10,41.17,3,0.0,2026-01-01T19:41:24.729516,2024-04-10,social,low_value,41.17
967,410,2024-05-28,38.29,4,5.0,2026-01-01T19:41:24.729516,2024-04-10,social,low_value,41.17
968,411,2024-04-11,59.33,5,0.0,2026-01-01T19:41:24.729516,2024-04-11,social,medium_value,59.33
969,411,2024-05-27,61.19,1,0.0,2026-01-01T19:41:24.729516,2024-04-11,social,medium_value,59.33
970,411,2024-06-30,45.1,2,20.0,2026-01-01T19:41:24.729516,2024-04-11,social,medium_value,59.33
971,412,2024-04-11,78.0,2,0.0,2026-01-01T19:41:24.729516,2024-04-11,social,medium_value,78.0
972,412,2024-06-02,81.66,2,0.0,2026-01-01T19:41:24.729516,2024-04-11,social,medium_value,78.0
973,413,2024-04-11,81.15,3,0.0,2026-01-01T19:41:24.729516,2024-04-11,social,medium_value,81.15
974,413,2024-04-19,74.12,1,20.0,2026-01-01T19:41:24.729516,2024-04-11,social,medium_value,81.15
975,414,2024-04-11,51.93,1,0.0,2026-01-01T19:41:24.729516,2024-04-11,social,medium_value,51.93
976,414,2024-05-08,55.64,2,15.0,2026-01-01T19:41:24.729516,2024-04-11,social,medium_value,51.93
977,414,2024-05-25,45.16,2,0.0,2026-01-01T19:41:24.729516,2024-04-11,social,medium_value,51.93
978,415,2024-04-11,78.1,3,0.0,2026-01-01T19:41:24.729516,2024-04-11,social,medium_value,78.1
979,415,2024-05-16,58.52,1,5.0,2026-01-01T19:41:24.729516,2024-04-11,social,medium_value,78.1
980,415,2024-07-09,81.35,4,0.0,2026-01-01T19:41:24.729516,2024-04-11,social,medium_value,78.1
981,416,2024-04-11,88.45,4,0.0,2026-01-01T19:41:24.729516,2024-04-11,social,medium_value,88.45
982,416,2024-04-30,69.19,1,5.0,2026-01-01T19:41:24.729516,2024-04-11,social,medium_value,88.45
983,417,2024-04-12,78.77,2,0.0,2026-01-01T19:41:24.729516,2024-04-12,social,medium_value,78.77
984,418,2024-04-12,93.31,2,0.0,2026-01-01T19:41:24.729516,2024-04-12,social,medium_value,93.31
985,419,2024-04-12,73.62,4,0.0,2026-01-01T19:41:24.729516,2024-04-12,social,medium_value,73.62
986,420,2024-04-12,45.56,3,0.0,2026-01-01T19:41:24.729516,2024-04-12,social,low_value,45.56
987,421,2024-04-12,73.07,1,0.0,2026-01-01T19:41:24.729516,2024-04-12,social,medium_value,73.07
988,421,2024-05-05,66.02,1,5.0,2026-01-01T19:41:24.729516,2024-04-12,social,medium_value,73.07
989,422,2024-04-12,51.39,4,0.0,2026-01-01T19:41:24.729516,2024-04-12,social,medium_value,51.39
990,423,2024-04-12,54.94,1,0.0,2026-01-01T19:41:24.729516,2024-04-12,social,medium_value,54.94
991,423,2024-05-08,56.84,3,5.0,2026-01-01T19:41:24.729516,2024-04-12,social,medium_value,54.94
992,423,2024-06-28,40.31,4,15.0,2026-01-01T19:41:24.729516,2024-04-12,social,medium_value,54.94
993,423,2024-07-22,54.49,1,0.0,2026-01-01T19:41:24.729516,2024-04-12,social,medium_value,54.94
994,424,2024-04-12,76.2,2,0.0,2026-01-01T19:41:24.729516,2024-04-12,social,medium_value,76.2
995,424,2024-04-19,57.24,2,0.0,2026-01-01T19:41:24.729516,2024-04-12,social,medium_value,76.2
996,425,2024-04-12,96.29,1,0.0,2026-01-01T19:41:24.729516,2024-04-12,social,medium_value,96.29
997,426,2024-04-12,74.76,3,0.0,2026-01-01T19:41:24.729516,2024-04-12,social,medium_value,74.76
998,426,2024-05-15,76.95,2,5.0,2026-01-01T19:41:24.729516,2024-04-12,social,medium_value,74.76
999,426,2024-06-24,81.2,2,15.0,2026-01-01T19:41:24.729516,2024-04-12,social,medium_value,74.76
1000,427,2024-04-12,94.79,1,0.0,2026-01-01T19:41:24.729516,2024-04-12,social,medium_value,94.79
