performance_id,date,campaign_id,impressions,clicks,conversions,spend,revenue,created_at
1,2024-01-13,1,1589,41,0,139.11,0.0,2026-01-01T19:41:22.293473
2,2024-01-14,1,2795,126,4,244.58,343.96,2026-01-01T19:41:22.293473
3,2024-01-15,1,3946,177,5,345.35,486.33,2026-01-01T19:41:22.293473
4,2024-01-16,1,2175,53,0,190.33,0.0,2026-01-01T19:41:22.293473
5,2024-01-17,1,3412,132,3,298.6,258.77,2026-01-01T19:41:22.293473
6,2024-01-18,1,2646,79,1,231.58,89.79,2026-01-01T19:41:22.293473
7,2024-01-19,1,2359,63,1,206.49,82.78,2026-01-01T19:41:22.293473
8,2024-01-20,1,2094,71,1,183.24,100.43,2026-01-01T19:41:22.293473
9,2024-01-21,1,2639,113,3,230.97,230.87,2026-01-01T19:41:22.293473
10,2024-01-22,1,3078,107,2,269.34,148.15,2026-01-01T19:41:22.293473
11,2024-01-23,1,3838,167,5,335.9,487.99,2026-01-01T19:41:22.293473
12,2024-01-24,1,2704,83,1,236.69,89.72,2026-01-01T19:41:22.293473
13,2024-01-25,1,3278,122,3,286.85,219.59,2026-01-01T19:41:22.293473
14,2024-01-26,1,3561,144,4,311.65,345.36,2026-01-01T19:41:22.293473
15,2024-01-27,1,2514,102,2,219.98,172.06,2026-01-01T19:41:22.293473
16,2024-01-28,1,1508,36,0,132.0,0.0,2026-01-01T19:41:22.293473
17,2024-01-29,1,2189,54,0,191.62,0.0,2026-01-01T19:41:22.293473
18,2024-01-30,1,3776,162,4,330.43,385.11,2026-01-01T19:41:22.293473
19,2024-01-31,1,2721,84,1,238.15,69.97,2026-01-01T19:41:22.293473
20,2024-02-01,1,3774,162,4,330.31,400.79,2026-01-01T19:41:22.293473
21,2024-02-02,1,2312,60,1,202.31,84.52,2026-01-01T19:41:22.293473
22,2024-02-03,1,1597,41,0,139.76,0.0,2026-01-01T19:41:22.293473
23,2024-02-04,1,2497,101,2,218.53,144.73,2026-01-01T19:41:22.293473
24,2024-02-05,1,3031,104,2,265.25,173.39,2026-01-01T19:41:22.293473
25,2024-02-06,1,2643,79,1,231.29,97.66,2026-01-01T19:41:22.293473
26,2024-02-07,1,2935,97,2,256.83,150.4,2026-01-01T19:41:22.293473
27,2024-02-08,1,3149,112,2,275.59,185.64,2026-01-01T19:41:22.293473
28,2024-02-09,1,2525,72,1,220.97,78.6,2026-01-01T19:41:22.293473
29,2024-02-10,1,2793,126,4,244.47,360.38,2026-01-01T19:41:22.293473
30,2024-02-11,1,2073,69,1,181.47,85.6,2026-01-01T19:41:22.293473
31,2024-02-12,1,2377,64,1,208.02,75.64,2026-01-01T19:41:22.293473
32,2024-02-13,1,2778,87,1,243.09,88.0,2026-01-01T19:41:22.293473
33,2024-02-14,1,2578,75,1,225.65,75.49,2026-01-01T19:41:22.293473
34,2024-02-15,1,2285,59,1,199.94,89.46,2026-01-01T19:41:22.293473
35,2024-02-16,1,2576,75,1,225.46,98.78,2026-01-01T19:41:22.293473
36,2024-02-17,1,2618,111,3,229.14,211.23,2026-01-01T19:41:22.293473
37,2024-02-18,1,1815,53,1,158.84,90.75,2026-01-01T19:41:22.293473
38,2024-02-19,1,2549,73,1,223.08,72.5,2026-01-01T19:41:22.293473
39,2024-02-20,1,3881,171,5,339.6,437.08,2026-01-01T19:41:22.293473
40,2024-02-21,1,3026,104,2,264.83,189.35,2026-01-01T19:41:22.293473
41,2024-02-22,1,3644,151,4,318.92,297.9,2026-01-01T19:41:22.293473
42,2024-02-23,1,2332,61,1,204.13,82.66,2026-01-01T19:41:22.293473
43,2024-02-24,1,2055,68,1,179.83,83.88,2026-01-01T19:41:22.293473
44,2024-02-25,1,2450,97,2,214.38,181.79,2026-01-01T19:41:22.293473
45,2024-02-26,1,3970,179,5,347.46,356.73,2026-01-01T19:41:22.293473
46,2024-02-27,1,2897,95,2,253.51,159.07,2026-01-01T19:41:22.293473
47,2024-02-28,1,3744,159,4,327.67,305.82,2026-01-01T19:41:22.293473
48,2024-02-29,1,2505,71,1,219.2,83.25,2026-01-01T19:41:22.293473
49,2024-03-01,1,2932,97,2,256.63,154.94,2026-01-01T19:41:22.293473
50,2024-03-02,1,1830,54,1,160.18,99.39,2026-01-01T19:41:22.293473
51,2024-03-03,1,2080,70,1,182.04,97.29,2026-01-01T19:41:22.293473
52,2024-03-04,1,3170,114,2,277.38,139.44,2026-01-01T19:41:22.293473
53,2024-03-05,1,3998,181,5,349.9,482.12,2026-01-01T19:41:22.293473
54,2024-03-06,1,3942,176,5,345.01,497.48,2026-01-01T19:41:22.293473
55,2024-03-07,1,3720,157,4,325.58,294.62,2026-01-01T19:41:22.293473
56,2024-03-08,1,3050,105,2,266.93,150.53,2026-01-01T19:41:22.293473
57,2024-03-09,1,2026,66,1,177.28,69.99,2026-01-01T19:41:22.293473
58,2024-03-10,1,1997,64,1,174.79,101.5,2026-01-01T19:41:22.293473
59,2024-03-11,1,2643,79,1,231.31,94.66,2026-01-01T19:41:22.293473
60,2024-03-12,1,2994,101,2,261.98,164.76,2026-01-01T19:41:22.293473
61,2024-03-13,1,3921,174,5,343.12,509.22,2026-01-01T19:41:22.293473
62,2024-03-14,1,3180,115,2,278.26,184.85,2026-01-01T19:41:22.293473
63,2024-03-15,1,2439,67,1,213.48,78.09,2026-01-01T19:41:22.293473
64,2024-03-16,1,2759,123,3,241.48,263.08,2026-01-01T19:41:22.293473
65,2024-03-17,1,2208,79,2,193.24,186.86,2026-01-01T19:41:22.293473
66,2024-03-18,1,2259,58,1,197.71,87.86,2026-01-01T19:41:22.293473
67,2024-03-19,1,3082,108,2,269.71,193.98,2026-01-01T19:41:22.293473
68,2024-03-20,1,2444,67,1,213.9,100.67,2026-01-01T19:41:22.293473
69,2024-03-21,1,2301,60,1,201.41,74.32,2026-01-01T19:41:22.293473
70,2024-03-22,1,3252,120,3,284.6,272.87,2026-01-01T19:41:22.293473
71,2024-03-23,1,1811,53,1,158.53,72.08,2026-01-01T19:41:22.293473
72,2024-03-24,1,2658,114,3,232.61,229.11,2026-01-01T19:41:22.293473
73,2024-03-25,1,3251,120,3,284.52,267.18,2026-01-01T19:41:22.293473
74,2024-03-26,1,2927,97,2,256.2,175.69,2026-01-01T19:41:22.293473
75,2024-03-27,1,3119,110,2,272.93,199.56,2026-01-01T19:41:22.293473
76,2024-03-28,1,2531,72,1,221.47,92.35,2026-01-01T19:41:22.293473
77,2024-03-29,1,2594,76,1,227.03,81.46,2026-01-01T19:41:22.293473
78,2024-03-30,1,2375,91,2,207.89,156.4,2026-01-01T19:41:22.293473
79,2024-02-22,2,17645,282,3,381.15,214.65,2026-01-01T19:41:22.293473
80,2024-02-23,2,14746,197,2,318.52,127.83,2026-01-01T19:41:22.293473
81,2024-02-24,2,18035,421,8,389.56,623.19,2026-01-01T19:41:22.293473
82,2024-02-25,2,10328,138,1,223.1,57.54,2026-01-01T19:41:22.293473
83,2024-02-26,2,17039,263,3,368.04,228.79,2026-01-01T19:41:22.293473
84,2024-02-27,2,24365,538,9,526.29,673.75,2026-01-01T19:41:22.293473
85,2024-02-28,2,18280,303,4,394.86,224.41,2026-01-01T19:41:22.293473
86,2024-02-29,2,23804,514,9,514.18,632.63,2026-01-01T19:41:22.293473
87,2024-03-01,2,21162,406,6,457.1,466.01,2026-01-01T19:41:22.293473
88,2024-03-02,2,15165,298,4,327.58,208.81,2026-01-01T19:41:22.293473
89,2024-03-03,2,16524,354,6,356.93,358.7,2026-01-01T19:41:22.293473
90,2024-03-04,2,21777,430,7,470.39,534.89,2026-01-01T19:41:22.293473
91,2024-03-05,2,15481,217,2,334.4,110.0,2026-01-01T19:41:22.293473
92,2024-03-06,2,15156,208,2,327.39,132.77,2026-01-01T19:41:22.293473
93,2024-03-07,2,17124,266,3,369.88,203.18,2026-01-01T19:41:22.293473
94,2024-03-08,2,22422,456,7,484.33,401.05,2026-01-01T19:41:22.293473
95,2024-03-09,2,15001,291,4,324.03,235.45,2026-01-01T19:41:22.293473
96,2024-03-10,2,13787,246,3,297.81,226.62,2026-01-01T19:41:22.293473
97,2024-03-11,2,23951,520,9,517.36,489.6,2026-01-01T19:41:22.293473
98,2024-03-12,2,18923,324,4,408.75,236.77,2026-01-01T19:41:22.293473
99,2024-03-13,2,13925,175,1,300.79,72.05,2026-01-01T19:41:22.293473
100,2024-03-14,2,21464,418,6,463.64,352.87,2026-01-01T19:41:22.293473
101,2024-03-15,2,22703,467,8,490.4,530.75,2026-01-01T19:41:22.293473
102,2024-03-16,2,13280,228,3,286.87,156.75,2026-01-01T19:41:22.293473
103,2024-03-17,2,10345,138,1,223.45,74.96,2026-01-01T19:41:22.293473
104,2024-03-18,2,24639,550,10,532.22,661.85,2026-01-01T19:41:22.293473
105,2024-03-19,2,23814,514,9,514.4,604.31,2026-01-01T19:41:22.293473
106,2024-03-20,2,15645,222,2,337.94,110.63,2026-01-01T19:41:22.293473
107,2024-03-21,2,17551,279,3,379.11,226.12,2026-01-01T19:41:22.293473
108,2024-03-22,2,23357,495,8,504.51,595.03,2026-01-01T19:41:22.293473
109,2024-03-23,2,17206,383,7,371.66,402.23,2026-01-01T19:41:22.293473
110,2024-03-24,2,11796,180,2,254.81,109.35,2026-01-01T19:41:22.293473
111,2024-03-25,2,23166,487,8,500.4,599.9,2026-01-01T19:41:22.293473
112,2024-03-26,2,18719,318,4,404.33,272.55,2026-01-01T19:41:22.293473
113,2024-03-27,2,15722,224,2,339.6,152.35,2026-01-01T19:41:22.293473
114,2024-03-28,2,24171,530,9,522.11,696.43,2026-01-01T19:41:22.293473
115,2024-03-29,2,23531,502,8,508.28,599.33,2026-01-01T19:41:22.293473
116,2024-03-30,2,9924,127,1,214.37,71.15,2026-01-01T19:41:22.293473
117,2024-03-31,2,12485,202,2,269.68,152.4,2026-01-01T19:41:22.293473
118,2024-04-01,2,23429,498,8,506.08,595.73,2026-01-01T19:41:22.293473
119,2024-04-02,2,23531,502,8,508.27,471.5,2026-01-01T19:41:22.293473
120,2024-04-03,2,23252,490,8,502.26,438.48,2026-01-01T19:41:22.293473
121,2024-04-04,2,24261,534,9,524.06,668.91,2026-01-01T19:41:22.293473
122,2024-04-05,2,16530,247,3,357.05,219.69,2026-01-01T19:41:22.293473
123,2024-04-06,2,13552,238,3,292.74,179.8,2026-01-01T19:41:22.293473
124,2024-04-07,2,16343,346,6,353.02,347.5,2026-01-01T19:41:22.293473
125,2024-04-08,2,14164,182,1,305.96,57.02,2026-01-01T19:41:22.293473
126,2024-04-09,2,17789,287,3,384.25,223.42,2026-01-01T19:41:22.293473
127,2024-04-10,2,25389,585,11,548.41,651.83,2026-01-01T19:41:22.293473
128,2024-04-11,2,21516,420,6,464.76,374.35,2026-01-01T19:41:22.293473
129,2024-04-12,2,25558,592,11,552.07,725.36,2026-01-01T19:41:22.293473
130,2024-04-13,2,17542,398,7,378.91,384.99,2026-01-01T19:41:22.293473
131,2024-04-14,2,17801,410,7,384.52,396.5,2026-01-01T19:41:22.293473
132,2024-04-15,2,25337,582,11,547.29,647.92,2026-01-01T19:41:22.293473
133,2024-04-16,2,15173,208,2,327.74,126.6,2026-01-01T19:41:22.293473
134,2024-04-17,2,22552,461,7,487.14,421.09,2026-01-01T19:41:22.293473
135,2024-04-18,2,21097,403,6,455.7,391.78,2026-01-01T19:41:22.293473
136,2024-04-19,2,18467,309,4,398.89,267.97,2026-01-01T19:41:22.293473
137,2024-04-20,2,11840,181,2,255.75,140.86,2026-01-01T19:41:22.293473
138,2024-04-21,2,9732,122,1,210.22,76.06,2026-01-01T19:41:22.293473
139,2024-04-22,2,20290,373,5,438.28,353.53,2026-01-01T19:41:22.293473
140,2024-04-23,2,22712,468,8,490.59,555.49,2026-01-01T19:41:22.293473
141,2024-04-24,2,18217,301,4,393.5,215.28,2026-01-01T19:41:22.293473
142,2024-04-25,2,21787,430,7,470.61,424.1,2026-01-01T19:41:22.293473
143,2024-04-26,2,17618,281,3,380.57,222.15,2026-01-01T19:41:22.293473
144,2024-04-27,2,15713,320,5,339.42,299.04,2026-01-01T19:41:22.293473
145,2024-04-28,2,12294,195,2,265.56,125.24,2026-01-01T19:41:22.293473
146,2024-04-29,2,18671,316,4,403.31,238.75,2026-01-01T19:41:22.293473
147,2024-04-30,2,15397,215,2,332.6,125.86,2026-01-01T19:41:22.293473
148,2024-05-01,2,25073,570,10,541.59,696.1,2026-01-01T19:41:22.293473
149,2024-05-02,2,24626,550,10,531.93,680.03,2026-01-01T19:41:22.293473
150,2024-05-03,2,17464,276,3,377.23,198.74,2026-01-01T19:41:22.293473
151,2024-05-04,2,9721,122,1,209.99,59.46,2026-01-01T19:41:22.293473
152,2024-05-05,2,13299,229,3,287.26,201.24,2026-01-01T19:41:22.293473
153,2024-08-04,3,2965,113,3,259.44,251.43,2026-01-01T19:41:22.293473
154,2024-08-05,3,3741,126,3,327.38,225.8,2026-01-01T19:41:22.293473
155,2024-08-06,3,3813,131,3,333.69,295.92,2026-01-01T19:41:22.293473
156,2024-08-07,3,4564,188,5,399.39,368.85,2026-01-01T19:41:22.293473
157,2024-08-08,3,2910,76,1,254.66,85.53,2026-01-01T19:41:22.293473
158,2024-08-09,3,4185,158,4,366.2,317.59,2026-01-01T19:41:22.293473
159,2024-08-10,3,3231,134,3,282.76,280.62,2026-01-01T19:41:22.293473
160,2024-08-11,3,2994,115,3,262.02,226.91,2026-01-01T19:41:22.293473
161,2024-08-12,3,3176,91,1,277.92,68.83,2026-01-01T19:41:22.293473
162,2024-08-13,3,3282,97,2,287.23,168.31,2026-01-01T19:41:22.293473
163,2024-08-14,3,4689,198,5,410.32,352.38,2026-01-01T19:41:22.293473
164,2024-08-15,3,3677,122,2,321.74,178.82,2026-01-01T19:41:22.293473
165,2024-08-16,3,3165,90,1,276.97,91.68,2026-01-01T19:41:22.293473
166,2024-08-17,3,2704,94,2,236.6,152.59,2026-01-01T19:41:22.293473
167,2024-08-18,3,2967,113,3,259.63,204.57,2026-01-01T19:41:22.293473
168,2024-08-19,3,4459,179,5,390.22,470.91,2026-01-01T19:41:22.293473
169,2024-08-20,3,2961,79,1,259.09,82.45,2026-01-01T19:41:22.293473
170,2024-08-21,3,3122,88,1,273.19,100.57,2026-01-01T19:41:22.293473
171,2024-08-22,3,3917,138,3,342.8,209.12,2026-01-01T19:41:22.293473
172,2024-08-23,3,3292,97,2,288.11,193.69,2026-01-01T19:41:22.293473
173,2024-08-24,3,2642,90,2,231.2,190.5,2026-01-01T19:41:22.293473
174,2024-08-25,3,2985,114,3,261.27,304.77,2026-01-01T19:41:22.293473
175,2024-08-26,3,4097,151,3,358.57,300.9,2026-01-01T19:41:22.293473
176,2024-08-27,3,4786,206,6,418.8,532.98,2026-01-01T19:41:22.293473
177,2024-08-28,3,4385,173,4,383.77,340.65,2026-01-01T19:41:22.293473
178,2024-08-29,3,4644,194,5,406.42,433.14,2026-01-01T19:41:22.293473
179,2024-08-30,3,4799,207,6,419.98,559.71,2026-01-01T19:41:22.293473
180,2024-08-31,3,2671,92,2,233.8,153.63,2026-01-01T19:41:22.293473
181,2024-09-01,3,2301,68,1,201.4,89.68,2026-01-01T19:41:22.293473
182,2024-09-02,3,4494,182,5,393.24,428.62,2026-01-01T19:41:22.293473
183,2024-09-03,3,4170,157,4,364.94,309.35,2026-01-01T19:41:22.293473
184,2024-09-04,3,2893,75,1,253.17,77.71,2026-01-01T19:41:22.293473
185,2024-09-05,3,3345,101,2,292.69,157.74,2026-01-01T19:41:22.293473
186,2024-09-15,4,4256,78,1,91.94,55.6,2026-01-01T19:41:22.293473
187,2024-09-16,4,4980,75,0,107.57,0.0,2026-01-01T19:41:22.293473
188,2024-09-17,4,6672,134,2,144.13,107.34,2026-01-01T19:41:22.293473
189,2024-09-18,4,5608,95,1,121.14,66.11,2026-01-01T19:41:22.293473
190,2024-09-19,4,5637,96,1,121.77,57.38,2026-01-01T19:41:22.293473
191,2024-09-20,4,5652,96,1,122.1,75.53,2026-01-01T19:41:22.293473
192,2024-09-21,4,4365,82,1,94.3,70.08,2026-01-01T19:41:22.293473
193,2024-09-22,4,5045,110,2,108.99,143.81,2026-01-01T19:41:22.293473
194,2024-09-23,4,5511,92,1,119.04,52.15,2026-01-01T19:41:22.293473
195,2024-09-24,4,5409,88,1,116.84,71.59,2026-01-01T19:41:22.293473
196,2024-09-25,4,7196,156,2,155.45,153.58,2026-01-01T19:41:22.293473
197,2024-09-26,4,5648,96,1,122.02,71.44,2026-01-01T19:41:22.293473
198,2024-09-27,4,6101,112,1,131.8,67.68,2026-01-01T19:41:22.293473
199,2024-09-28,4,3459,51,0,74.72,0.0,2026-01-01T19:41:22.293473
200,2024-09-29,4,3996,69,0,86.32,0.0,2026-01-01T19:41:22.293473
201,2024-09-30,4,5353,86,1,115.64,69.66,2026-01-01T19:41:22.293473
202,2024-10-01,4,5596,94,1,120.89,56.29,2026-01-01T19:41:22.293473
203,2024-10-02,4,5821,102,1,125.74,55.32,2026-01-01T19:41:22.293473
204,2024-10-03,4,6372,123,1,137.66,52.7,2026-01-01T19:41:22.293473
205,2024-10-04,4,5559,93,1,120.09,66.67,2026-01-01T19:41:22.293473
206,2024-10-05,4,2976,38,0,64.3,0.0,2026-01-01T19:41:22.293473
207,2024-10-06,4,3247,45,0,70.15,0.0,2026-01-01T19:41:22.293473
208,2024-10-07,4,4335,56,0,93.64,0.0,2026-01-01T19:41:22.293473
209,2024-10-08,4,4910,73,0,106.06,0.0,2026-01-01T19:41:22.293473
210,2024-10-09,4,6868,143,2,148.35,123.71,2026-01-01T19:41:22.293473
211,2024-10-10,4,6835,141,2,147.64,147.26,2026-01-01T19:41:22.293473
212,2024-10-11,4,5054,77,0,109.19,0.0,2026-01-01T19:41:22.293473
213,2024-10-12,4,2957,37,0,63.89,0.0,2026-01-01T19:41:22.293473
214,2024-10-13,4,5402,126,2,116.7,122.2,2026-01-01T19:41:22.293473
215,2024-10-14,4,6472,126,2,139.8,144.62,2026-01-01T19:41:22.293473
216,2024-10-15,4,6478,127,2,139.93,143.22,2026-01-01T19:41:22.293473
217,2024-10-16,4,7539,172,3,162.85,171.55,2026-01-01T19:41:22.293473
218,2024-10-17,4,4228,54,0,91.34,0.0,2026-01-01T19:41:22.293473
219,2024-10-18,4,4605,64,0,99.49,0.0,2026-01-01T19:41:22.293473
220,2024-10-19,4,4315,80,1,93.22,57.67,2026-01-01T19:41:22.293473
221,2024-10-20,4,4653,93,1,100.52,71.94,2026-01-01T19:41:22.293473
222,2024-10-21,4,4753,68,0,102.69,0.0,2026-01-01T19:41:22.293473
223,2024-10-22,4,6820,141,2,147.33,109.96,2026-01-01T19:41:22.293473
224,2024-10-23,4,7074,151,2,152.82,154.17,2026-01-01T19:41:22.293473
225,2024-10-24,4,4541,62,0,98.09,0.0,2026-01-01T19:41:22.293473
226,2024-10-25,4,5267,84,1,113.78,69.61,2026-01-01T19:41:22.293473
227,2024-10-26,4,5298,121,2,114.45,124.63,2026-01-01T19:41:22.293473
228,2024-10-27,4,4692,95,1,101.36,53.98,2026-01-01T19:41:22.293473
229,2024-10-28,4,6616,132,2,142.92,136.62,2026-01-01T19:41:22.293473
230,2024-10-29,4,4519,61,0,97.62,0.0,2026-01-01T19:41:22.293473
231,2024-10-30,4,7185,156,2,155.2,135.22,2026-01-01T19:41:22.293473
232,2024-10-31,4,4587,63,0,99.09,0.0,2026-01-01T19:41:22.293473
233,2024-11-01,4,6944,146,2,150.0,122.05,2026-01-01T19:41:22.293473
234,2024-11-02,4,3977,68,0,85.92,0.0,2026-01-01T19:41:22.293473
235,2024-11-03,4,4171,75,1,90.1,60.87,2026-01-01T19:41:22.293473
236,2024-11-04,4,7182,156,2,155.15,146.76,2026-01-01T19:41:22.293473
237,2024-11-05,4,4532,62,0,97.9,0.0,2026-01-01T19:41:22.293473
238,2024-11-06,4,6420,124,2,138.68,147.09,2026-01-01T19:41:22.293473
239,2024-11-07,4,6675,135,2,144.2,126.65,2026-01-01T19:41:22.293473
240,2024-11-08,4,6770,138,2,146.24,154.2,2026-01-01T19:41:22.293473
241,2024-11-09,4,3582,55,0,77.39,0.0,2026-01-01T19:41:22.293473
242,2024-11-10,4,4251,78,1,91.83,64.57,2026-01-01T19:41:22.293473
243,2024-11-11,4,5707,98,1,123.29,71.01,2026-01-01T19:41:22.293473
244,2024-11-12,4,5112,79,1,110.43,74.14,2026-01-01T19:41:22.293473
245,2024-11-13,4,7115,153,2,153.7,108.51,2026-01-01T19:41:22.293473
246,2024-11-14,4,7296,161,2,157.61,116.68,2026-01-01T19:41:22.293473
247,2024-11-15,4,5811,102,1,125.53,67.87,2026-01-01T19:41:22.293473
248,2024-11-16,4,3854,64,0,83.26,0.0,2026-01-01T19:41:22.293473
249,2024-11-17,4,5031,109,1,108.68,56.73,2026-01-01T19:41:22.293473
250,2024-11-18,4,4911,73,0,106.1,0.0,2026-01-01T19:41:22.293473
251,2024-11-19,4,5368,87,1,115.96,74.89,2026-01-01T19:41:22.293473
252,2024-11-20,4,6654,134,2,143.73,118.37,2026-01-01T19:41:22.293473
253,2024-11-21,4,4192,53,0,90.56,0.0,2026-01-01T19:41:22.293473
254,2024-11-22,4,4461,60,0,96.36,0.0,2026-01-01T19:41:22.293473
255,2024-08-02,5,2286,102,3,308.63,314.43,2026-01-01T19:41:22.293473
256,2024-08-03,5,1795,90,3,242.41,301.63,2026-01-01T19:41:22.293473
257,2024-08-04,5,1602,71,2,216.33,212.26,2026-01-01T19:41:22.293473
258,2024-08-05,5,1739,59,1,234.88,84.42,2026-01-01T19:41:22.293473
259,2024-08-06,5,2566,128,4,346.52,350.54,2026-01-01T19:41:22.293473
260,2024-08-07,5,2414,113,3,325.97,281.95,2026-01-01T19:41:22.293473
261,2024-08-08,5,2344,107,3,316.53,276.51,2026-01-01T19:41:22.293473
262,2024-08-09,5,2641,136,4,356.62,354.28,2026-01-01T19:41:22.293473
263,2024-08-10,5,1807,91,3,244.01,258.88,2026-01-01T19:41:22.293473
264,2024-08-11,5,1371,52,1,185.09,80.58,2026-01-01T19:41:22.293473
265,2024-08-12,5,1877,68,1,253.44,80.54,2026-01-01T19:41:22.293473
266,2024-08-13,5,2351,108,3,317.45,314.89,2026-01-01T19:41:22.293473
267,2024-08-14,5,1867,68,1,252.05,84.22,2026-01-01T19:41:22.293473
268,2024-08-15,5,2280,101,3,307.81,310.6,2026-01-01T19:41:22.293473
269,2024-08-16,5,2960,171,6,399.63,575.62,2026-01-01T19:41:22.293473
270,2024-08-17,5,1401,54,1,189.21,79.82,2026-01-01T19:41:22.293473
271,2024-08-18,5,1315,48,1,177.61,84.64,2026-01-01T19:41:22.293473
272,2024-08-19,5,1859,67,1,250.99,76.54,2026-01-01T19:41:22.293473
273,2024-08-20,5,2349,107,3,317.12,259.27,2026-01-01T19:41:22.293473
274,2024-08-21,5,2956,170,6,399.19,582.17,2026-01-01T19:41:22.293473
275,2024-08-22,5,2574,129,4,347.57,323.19,2026-01-01T19:41:22.293473
276,2024-08-23,5,2810,154,5,379.46,473.27,2026-01-01T19:41:22.293473
277,2024-08-24,5,1971,108,3,266.18,293.44,2026-01-01T19:41:22.293473
278,2024-08-25,5,1581,69,2,213.54,185.48,2026-01-01T19:41:22.293473
279,2024-08-26,5,1865,68,1,251.91,77.95,2026-01-01T19:41:22.293473
280,2024-08-27,5,2911,165,6,393.0,564.92,2026-01-01T19:41:22.293473
281,2024-08-28,5,2746,147,5,370.82,456.13,2026-01-01T19:41:22.293473
282,2024-08-29,5,1713,57,1,231.34,99.92,2026-01-01T19:41:22.293473
283,2024-08-30,5,1685,55,1,227.53,81.67,2026-01-01T19:41:22.293473
284,2024-08-31,5,1672,78,2,225.73,175.09,2026-01-01T19:41:22.293473
285,2024-09-01,5,2088,121,4,282.0,322.0,2026-01-01T19:41:22.293473
286,2024-09-02,5,2667,139,4,360.07,396.16,2026-01-01T19:41:22.293473
287,2024-09-03,5,2703,142,5,364.97,422.88,2026-01-01T19:41:22.293473
288,2024-09-04,5,2333,106,3,314.97,279.36,2026-01-01T19:41:22.293473
289,2024-09-05,5,2222,96,2,300.08,217.37,2026-01-01T19:41:22.293473
290,2024-09-06,5,2978,173,6,402.13,525.63,2026-01-01T19:41:22.293473
291,2024-09-07,5,1728,83,2,233.33,198.33,2026-01-01T19:41:22.293473
292,2024-09-08,5,1843,94,3,248.87,336.03,2026-01-01T19:41:22.293473
293,2024-09-09,5,1898,70,1,256.27,84.02,2026-01-01T19:41:22.293473
294,2024-09-10,5,2523,124,4,340.67,327.87,2026-01-01T19:41:22.293473
295,2024-09-11,5,1851,66,1,249.94,78.85,2026-01-01T19:41:22.293473
296,2024-09-12,5,1615,50,1,218.03,93.12,2026-01-01T19:41:22.293473
297,2024-09-13,5,2431,115,3,328.25,261.2,2026-01-01T19:41:22.293473
298,2024-09-14,5,1351,51,1,182.48,102.86,2026-01-01T19:41:22.293473
299,2024-09-15,5,1807,91,3,244.03,279.76,2026-01-01T19:41:22.293473
300,2024-03-22,6,4560,177,4,399.06,397.65,2026-01-01T19:41:22.293473
301,2024-03-23,6,3365,138,4,294.48,357.01,2026-01-01T19:41:22.293473
302,2024-03-24,6,3147,120,3,275.39,299.23,2026-01-01T19:41:22.293473
303,2024-03-25,6,3915,130,3,342.61,259.55,2026-01-01T19:41:22.293473
304,2024-03-26,6,4462,170,4,390.5,395.54,2026-01-01T19:41:22.293473
305,2024-03-27,6,4903,205,6,429.03,422.57,2026-01-01T19:41:22.293473
306,2024-03-28,6,3277,91,1,286.82,78.46,2026-01-01T19:41:22.293473
307,2024-03-29,6,4712,189,5,412.31,436.77,2026-01-01T19:41:22.293473
308,2024-03-30,6,2505,76,1,219.26,72.23,2026-01-01T19:41:22.293473
309,2024-03-31,6,3194,124,3,279.54,275.37,2026-01-01T19:41:22.293473
310,2024-04-01,6,5188,229,7,454.01,595.11,2026-01-01T19:41:22.293473
311,2024-04-02,6,4084,142,3,357.39,212.21,2026-01-01T19:41:22.293473
312,2024-04-03,6,2967,75,1,259.69,82.69,2026-01-01T19:41:22.293473
313,2024-04-04,6,3662,114,2,320.48,153.03,2026-01-01T19:41:22.293473
314,2024-04-05,6,3094,81,1,270.77,100.7,2026-01-01T19:41:22.293473
315,2024-04-06,6,3448,145,4,301.73,350.23,2026-01-01T19:41:22.293473
316,2024-04-07,6,3646,162,5,319.03,509.93,2026-01-01T19:41:22.293473
317,2024-04-08,6,4523,174,4,395.81,308.65,2026-01-01T19:41:22.293473
318,2024-04-09,6,2968,75,1,259.77,93.71,2026-01-01T19:41:22.293473
319,2024-04-10,6,4027,138,3,352.38,270.45,2026-01-01T19:41:22.293473
320,2024-04-11,6,5123,224,6,448.28,445.02,2026-01-01T19:41:22.293473
321,2024-04-12,6,4309,158,4,377.09,358.33,2026-01-01T19:41:22.293473
322,2024-04-13,6,2855,99,2,249.86,142.2,2026-01-01T19:41:22.293473
323,2024-04-14,6,2608,82,1,228.2,79.33,2026-01-01T19:41:22.293473
324,2024-04-15,6,4518,174,4,395.35,388.65,2026-01-01T19:41:22.293473
325,2024-04-16,6,3681,115,2,322.1,183.17,2026-01-01T19:41:22.293473
326,2024-04-17,6,3578,109,2,313.14,200.27,2026-01-01T19:41:22.293473
327,2024-04-18,6,4871,202,6,426.22,520.22,2026-01-01T19:41:22.293473
328,2024-04-19,6,3988,135,3,349.0,236.08,2026-01-01T19:41:22.293473
329,2024-04-20,6,2565,80,1,224.48,100.99,2026-01-01T19:41:22.293473
330,2024-04-21,6,2704,89,2,236.67,170.99,2026-01-01T19:41:22.293473
331,2024-04-22,6,5300,239,7,463.79,632.52,2026-01-01T19:41:22.293473
332,2024-04-23,6,4204,150,3,367.9,246.15,2026-01-01T19:41:22.293473
333,2024-04-24,6,3331,94,1,291.48,80.3,2026-01-01T19:41:22.293473
334,2024-04-25,6,4730,191,5,413.92,446.32,2026-01-01T19:41:22.293473
335,2024-04-26,6,4739,191,5,414.69,374.6,2026-01-01T19:41:22.293473
336,2024-04-27,6,2954,106,2,258.53,199.08,2026-01-01T19:41:22.293473
337,2024-04-28,6,2763,93,2,241.79,183.48,2026-01-01T19:41:22.293473
338,2024-04-29,6,3168,85,1,277.24,101.09,2026-01-01T19:41:22.293473
339,2024-04-30,6,4367,162,4,382.16,304.54,2026-01-01T19:41:22.293473
340,2024-05-01,6,3259,90,1,285.2,86.73,2026-01-01T19:41:22.293473
341,2024-05-02,6,4228,152,3,369.97,213.51,2026-01-01T19:41:22.293473
342,2024-05-03,6,5310,240,7,464.68,693.28,2026-01-01T19:41:22.293473
343,2024-05-04,6,2803,95,2,245.3,143.99,2026-01-01T19:41:22.293473
344,2024-05-05,6,3441,144,4,301.15,339.78,2026-01-01T19:41:22.293473
345,2024-05-06,6,4632,183,5,405.35,426.51,2026-01-01T19:41:22.293473
346,2024-05-07,6,3542,107,2,309.96,192.76,2026-01-01T19:41:22.293473
347,2024-05-08,6,5281,238,7,462.09,534.01,2026-01-01T19:41:22.293473
348,2024-05-09,6,4225,152,3,369.76,243.13,2026-01-01T19:41:22.293473
349,2024-05-10,6,5137,225,7,449.53,596.96,2026-01-01T19:41:22.293473
350,2024-05-11,6,3522,151,4,308.26,389.51,2026-01-01T19:41:22.293473
351,2024-05-12,6,2484,75,1,217.4,94.86,2026-01-01T19:41:22.293473
352,2024-05-13,6,3890,129,3,340.42,299.29,2026-01-01T19:41:22.293473
353,2024-05-14,6,4118,144,3,360.39,287.7,2026-01-01T19:41:22.293473
354,2024-05-15,6,3565,108,2,311.99,156.3,2026-01-01T19:41:22.293473
355,2024-05-16,6,4313,158,4,377.44,407.85,2026-01-01T19:41:22.293473
356,2024-05-17,6,4074,141,3,356.5,219.16,2026-01-01T19:41:22.293473
357,2024-05-18,6,2936,105,2,256.92,159.47,2026-01-01T19:41:22.293473
358,2024-05-19,6,2959,106,2,258.93,172.95,2026-01-01T19:41:22.293473
359,2024-05-20,6,3989,135,3,349.12,236.82,2026-01-01T19:41:22.293473
360,2024-05-21,6,3333,94,1,291.71,91.71,2026-01-01T19:41:22.293473
361,2024-05-22,6,4276,156,4,374.18,303.76,2026-01-01T19:41:22.293473
362,2024-05-23,6,4777,194,5,418.04,347.42,2026-01-01T19:41:22.293473
363,2024-05-24,6,4701,188,5,411.4,459.89,2026-01-01T19:41:22.293473
364,2024-05-25,6,3406,141,4,298.03,324.51,2026-01-01T19:41:22.293473
365,2024-05-26,6,3151,121,3,275.77,287.72,2026-01-01T19:41:22.293473
366,2024-05-27,6,5282,238,7,462.22,593.89,2026-01-01T19:41:22.293473
367,2024-05-28,6,2960,74,1,259.08,85.08,2026-01-01T19:41:22.293473
368,2024-05-29,6,4321,159,4,378.14,390.28,2026-01-01T19:41:22.293473
369,2024-05-30,6,5020,215,6,439.27,497.82,2026-01-01T19:41:22.293473
370,2024-05-31,6,4163,147,3,364.31,250.61,2026-01-01T19:41:22.293473
371,2024-06-01,6,3252,129,3,284.62,245.82,2026-01-01T19:41:22.293473
372,2024-06-02,6,3136,119,3,274.43,219.74,2026-01-01T19:41:22.293473
373,2024-06-03,6,4024,138,3,352.16,302.86,2026-01-01T19:41:22.293473
374,2024-06-04,6,3702,117,2,323.98,183.1,2026-01-01T19:41:22.293473
375,2024-04-20,7,8392,164,2,181.28,148.29,2026-01-01T19:41:22.293473
376,2024-04-21,7,9328,203,3,201.49,223.03,2026-01-01T19:41:22.293473
377,2024-04-22,7,10208,170,2,220.5,120.47,2026-01-01T19:41:22.293473
378,2024-04-23,7,12443,253,4,268.79,286.98,2026-01-01T19:41:22.293473
379,2024-04-24,7,13458,296,5,290.7,264.67,2026-01-01T19:41:22.293473
380,2024-04-25,7,8151,108,1,176.08,68.41,2026-01-01T19:41:22.293473
381,2024-04-26,7,13778,310,5,297.62,389.67,2026-01-01T19:41:22.293473
382,2024-04-27,7,8840,182,3,190.95,189.85,2026-01-01T19:41:22.293473
383,2024-04-28,7,5845,79,0,126.25,0.0,2026-01-01T19:41:22.293473
384,2024-04-29,7,13459,296,5,290.72,317.68,2026-01-01T19:41:22.293473
385,2024-04-30,7,12280,246,4,265.27,301.96,2026-01-01T19:41:22.293473
386,2024-05-01,7,8003,104,1,172.88,72.7,2026-01-01T19:41:22.293473
387,2024-05-02,7,9636,151,1,208.15,61.75,2026-01-01T19:41:22.293473
388,2024-05-03,7,8661,122,1,187.08,65.81,2026-01-01T19:41:22.293473
389,2024-05-04,7,8004,149,2,172.9,145.21,2026-01-01T19:41:22.293473
390,2024-05-05,7,6175,89,1,133.39,54.05,2026-01-01T19:41:22.293473
391,2024-05-06,7,13447,295,5,290.48,340.56,2026-01-01T19:41:22.293473
392,2024-05-07,7,9289,141,1,200.66,75.73,2026-01-01T19:41:22.293473
393,2024-05-08,7,8644,122,1,186.73,63.99,2026-01-01T19:41:22.293473
394,2024-05-09,7,9376,143,1,202.53,58.64,2026-01-01T19:41:22.293473
395,2024-05-10,7,7762,98,1,167.67,72.92,2026-01-01T19:41:22.293473
396,2024-05-11,7,9553,213,3,206.36,208.85,2026-01-01T19:41:22.293473
397,2024-05-12,7,6120,87,1,132.19,63.48,2026-01-01T19:41:22.293473
398,2024-05-13,7,9981,163,2,215.59,134.55,2026-01-01T19:41:22.293473
399,2024-05-14,7,11917,232,3,257.42,189.1,2026-01-01T19:41:22.293473
400,2024-05-15,7,9350,143,1,201.98,73.98,2026-01-01T19:41:22.293473
401,2024-05-16,7,9015,132,1,194.73,62.0,2026-01-01T19:41:22.293473
402,2024-05-17,7,10889,194,2,235.21,116.33,2026-01-01T19:41:22.293473
403,2024-05-18,7,8032,150,2,173.5,133.89,2026-01-01T19:41:22.293473
404,2024-05-19,7,9976,232,4,215.49,238.7,2026-01-01T19:41:22.293473
405,2024-05-20,7,14154,327,6,305.75,414.68,2026-01-01T19:41:22.293473
406,2024-05-21,7,9511,148,1,205.46,66.71,2026-01-01T19:41:22.293473
407,2024-05-22,7,12226,244,4,264.1,285.45,2026-01-01T19:41:22.293473
408,2024-05-23,7,8023,105,1,173.32,67.77,2026-01-01T19:41:22.293473
409,2024-05-24,7,10978,197,2,237.14,151.02,2026-01-01T19:41:22.293473
410,2024-05-25,7,6712,105,1,144.99,72.77,2026-01-01T19:41:22.293473
411,2024-05-26,7,8194,156,2,177.01,122.32,2026-01-01T19:41:22.293473
412,2024-05-27,7,11902,231,3,257.08,204.43,2026-01-01T19:41:22.293473
413,2024-05-28,7,12173,242,4,262.95,282.98,2026-01-01T19:41:22.293473
414,2024-05-29,7,12051,237,3,260.3,221.39,2026-01-01T19:41:22.293473
415,2024-05-30,7,11846,229,3,255.89,226.47,2026-01-01T19:41:22.293473
416,2024-05-31,7,11966,234,3,258.47,180.1,2026-01-01T19:41:22.293473
417,2024-06-01,7,7426,128,1,160.42,67.07,2026-01-01T19:41:22.293473
418,2024-06-02,7,8773,179,3,189.51,163.03,2026-01-01T19:41:22.293473
419,2024-06-03,7,9648,152,1,208.4,71.43,2026-01-01T19:41:22.293473
420,2024-06-04,7,8859,128,1,191.37,55.44,2026-01-01T19:41:22.293473
421,2024-06-05,7,11260,207,3,243.23,231.78,2026-01-01T19:41:22.293473
422,2024-06-06,7,11204,205,3,242.01,227.25,2026-01-01T19:41:22.293473
423,2024-06-07,7,13181,284,5,284.72,293.41,2026-01-01T19:41:22.293473
424,2024-06-08,7,9200,197,3,198.73,193.58,2026-01-01T19:41:22.293473
425,2024-06-09,7,9116,194,3,196.91,214.23,2026-01-01T19:41:22.293473
426,2024-06-10,7,9935,161,2,214.61,109.99,2026-01-01T19:41:22.293473
427,2024-06-11,7,14055,323,6,303.6,333.96,2026-01-01T19:41:22.293473
428,2024-06-12,7,14079,324,6,304.11,446.18,2026-01-01T19:41:22.293473
429,2024-06-13,7,12480,254,4,269.57,309.91,2026-01-01T19:41:22.293473
430,2024-06-14,7,14084,324,6,304.22,437.52,2026-01-01T19:41:22.293473
431,2024-06-15,7,7080,117,1,152.93,72.56,2026-01-01T19:41:22.293473
432,2024-06-16,7,5454,69,0,117.82,0.0,2026-01-01T19:41:22.293473
433,2024-06-17,7,10701,187,2,231.16,138.99,2026-01-01T19:41:22.293473
434,2024-06-18,7,12137,241,3,262.18,201.6,2026-01-01T19:41:22.293473
435,2024-06-19,7,13128,282,5,283.57,382.24,2026-01-01T19:41:22.293473
436,2024-06-20,7,8415,115,1,181.77,58.08,2026-01-01T19:41:22.293473
437,2024-06-21,7,7865,101,1,169.89,74.99,2026-01-01T19:41:22.293473
438,2024-06-22,7,7983,148,2,172.45,151.59,2026-01-01T19:41:22.293473
439,2024-06-23,7,6412,96,1,138.52,53.64,2026-01-01T19:41:22.293473
440,2024-06-24,7,13137,282,5,283.78,378.22,2026-01-01T19:41:22.293473
441,2024-06-25,7,9694,153,2,209.41,125.23,2026-01-01T19:41:22.293473
442,2024-06-26,7,8622,121,1,186.25,76.6,2026-01-01T19:41:22.293473
443,2024-06-27,7,9709,154,2,209.72,129.62,2026-01-01T19:41:22.293473
444,2024-06-28,7,8341,113,1,180.18,75.07,2026-01-01T19:41:22.293473
445,2024-06-29,7,6016,84,0,129.97,0.0,2026-01-01T19:41:22.293473
446,2024-06-30,7,8487,168,2,183.34,142.64,2026-01-01T19:41:22.293473
447,2024-07-01,7,13943,318,6,301.19,377.38,2026-01-01T19:41:22.293473
448,2024-07-02,7,12599,259,4,272.15,224.07,2026-01-01T19:41:22.293473
449,2024-07-03,7,10438,178,2,225.47,109.15,2026-01-01T19:41:22.293473
450,2024-07-04,7,10930,195,2,236.09,125.22,2026-01-01T19:41:22.293473
451,2024-07-05,7,13980,319,6,301.98,317.1,2026-01-01T19:41:22.293473
452,2024-07-06,7,7102,117,1,153.41,63.53,2026-01-01T19:41:22.293473
453,2024-07-07,7,9781,223,4,211.29,296.97,2026-01-01T19:41:22.293473
454,2024-02-19,8,75502,1433,38,188.76,3061.68,2026-01-01T19:41:22.293473
455,2024-02-20,8,102047,2619,94,255.12,8397.52,2026-01-01T19:41:22.293473
456,2024-02-21,8,90967,2081,66,227.42,4748.32,2026-01-01T19:41:22.293473
457,2024-02-22,8,80896,1646,46,202.24,2928.58,2026-01-01T19:41:22.293473
458,2024-02-23,8,120151,3631,153,300.38,11267.15,2026-01-01T19:41:22.293473
459,2024-02-24,8,76371,2095,80,190.93,6340.09,2026-01-01T19:41:22.293473
460,2024-02-25,8,73632,1948,72,184.08,4366.13,2026-01-01T19:41:22.293473
461,2024-02-26,8,116499,3413,140,291.25,9422.99,2026-01-01T19:41:22.293473
462,2024-02-27,8,77086,1494,40,192.72,3077.49,2026-01-01T19:41:22.293473
463,2024-02-28,8,73668,1365,35,184.17,2903.42,2026-01-01T19:41:22.293473
464,2024-02-29,8,81931,1688,48,204.83,3190.97,2026-01-01T19:41:22.293473
465,2024-03-01,8,121443,3709,158,303.61,11037.37,2026-01-01T19:41:22.293473
466,2024-03-02,8,54863,1081,29,137.16,2523.46,2026-01-01T19:41:22.293473
467,2024-03-03,8,48822,856,21,122.06,1800.8,2026-01-01T19:41:22.293473
468,2024-03-04,8,78205,1538,42,195.51,2683.79,2026-01-01T19:41:22.293473
469,2024-03-05,8,84525,1796,53,211.31,3457.45,2026-01-01T19:41:22.293473
470,2024-03-06,8,109000,2988,114,272.5,6928.17,2026-01-01T19:41:22.293473
471,2024-03-07,8,70463,1248,30,176.16,2510.99,2026-01-01T19:41:22.293473
472,2024-03-08,8,83766,1764,52,209.42,3625.08,2026-01-01T19:41:22.293473
473,2024-03-09,8,55978,1125,31,139.95,1908.73,2026-01-01T19:41:22.293473
474,2024-03-10,8,79667,2280,91,199.17,6896.21,2026-01-01T19:41:22.293473
475,2024-03-11,8,114046,3271,131,285.12,9731.65,2026-01-01T19:41:22.293473
476,2024-03-12,8,115975,3383,138,289.94,10404.81,2026-01-01T19:41:22.293473
477,2024-03-13,8,76080,1455,38,190.2,2854.38,2026-01-01T19:41:22.293473
478,2024-03-14,8,125959,3990,176,314.9,10788.97,2026-01-01T19:41:22.293473
479,2024-03-15,8,116286,3401,139,290.72,11955.31,2026-01-01T19:41:22.293473
480,2024-03-16,8,70472,1784,63,176.18,4645.7,2026-01-01T19:41:22.293473
481,2024-03-17,8,88948,2842,127,222.37,7851.74,2026-01-01T19:41:22.293473
482,2024-03-18,8,98142,2422,83,245.36,5980.03,2026-01-01T19:41:22.293473
483,2024-03-19,8,110494,3070,119,276.24,8890.26,2026-01-01T19:41:22.293473
484,2024-03-20,8,123829,3856,168,309.57,10450.39,2026-01-01T19:41:22.293473
485,2024-03-21,8,74395,1392,36,185.99,2816.96,2026-01-01T19:41:22.293473
486,2024-03-22,8,73494,1358,35,183.74,2388.77,2026-01-01T19:41:22.293473
487,2024-03-23,8,75132,2028,76,187.83,5810.25,2026-01-01T19:41:22.293473
488,2024-03-24,8,62279,1393,43,155.7,3863.07,2026-01-01T19:41:22.293473
489,2024-03-25,8,101218,2576,91,253.05,6698.64,2026-01-01T19:41:22.293473
490,2024-03-26,8,105683,2809,104,264.21,6549.44,2026-01-01T19:41:22.293473
491,2024-03-27,8,111429,3122,122,278.57,10441.22,2026-01-01T19:41:22.293473
492,2024-03-28,8,108395,2955,112,270.99,9303.71,2026-01-01T19:41:22.293473
493,2024-03-29,8,112566,3187,126,281.42,8372.79,2026-01-01T19:41:22.293473
494,2024-03-30,8,67554,1639,55,168.89,3677.01,2026-01-01T19:41:22.293473
495,2024-03-31,8,62852,1419,44,157.13,3238.62,2026-01-01T19:41:22.293473
496,2024-04-01,8,94385,2240,74,235.96,4651.09,2026-01-01T19:41:22.293473
497,2024-04-02,8,95028,2271,75,237.57,5996.49,2026-01-01T19:41:22.293473
498,2024-04-03,8,91899,2124,68,229.75,4391.38,2026-01-01T19:41:22.293473
499,2024-04-04,8,124621,3906,171,311.55,10604.39,2026-01-01T19:41:22.293473
500,2024-04-05,8,119181,3572,149,297.95,9356.74,2026-01-01T19:41:22.293473
501,2024-04-06,8,52735,999,26,131.84,2136.26,2026-01-01T19:41:22.548896
502,2024-04-07,8,82592,2451,101,206.48,7745.8,2026-01-01T19:41:22.548896
503,2024-04-08,8,104552,2749,101,261.38,7761.61,2026-01-01T19:41:22.548896
504,2024-04-09,8,89236,2002,62,223.09,3947.35,2026-01-01T19:41:22.548896
505,2024-04-10,8,90664,2067,65,226.66,5197.41,2026-01-01T19:41:22.548896
506,2024-04-11,8,114322,3287,132,285.81,11357.64,2026-01-01T19:41:22.548896
507,2024-01-23,9,58305,792,7,524.75,457.13,2026-01-01T19:41:22.548896
508,2024-01-24,9,54579,694,5,491.21,258.68,2026-01-01T19:41:22.548896
509,2024-01-25,9,53884,676,5,484.96,243.4,2026-01-01T19:41:22.548896
510,2024-01-26,9,56318,739,6,506.87,293.6,2026-01-01T19:41:22.548896
511,2024-01-27,9,27563,253,1,248.07,62.6,2026-01-01T19:41:22.548896
512,2024-01-28,9,33171,366,2,298.54,121.55,2026-01-01T19:41:22.548896
513,2024-01-29,9,53766,673,5,483.9,308.79,2026-01-01T19:41:22.548896
514,2024-01-30,9,62138,900,8,559.25,523.52,2026-01-01T19:41:22.548896
515,2024-01-31,9,61312,876,8,551.82,459.99,2026-01-01T19:41:22.548896
516,2024-02-01,9,55885,728,6,502.97,267.47,2026-01-01T19:41:22.548896
517,2024-02-02,9,64730,976,9,582.58,560.23,2026-01-01T19:41:22.548896
518,2024-02-03,9,31006,320,2,279.06,95.94,2026-01-01T19:41:22.548896
519,2024-02-04,9,40416,543,4,363.75,203.19,2026-01-01T19:41:22.548896
520,2024-02-05,9,46530,504,3,418.77,132.4,2026-01-01T19:41:22.548896
521,2024-02-06,9,62901,922,9,566.11,508.13,2026-01-01T19:41:22.548896
522,2024-02-07,9,48413,546,4,435.72,188.48,2026-01-01T19:41:22.548896
523,2024-02-08,9,55591,720,6,500.32,268.05,2026-01-01T19:41:22.548896
524,2024-02-09,9,59079,813,7,531.71,341.13,2026-01-01T19:41:22.548896
525,2024-02-10,9,34301,391,2,308.71,103.0,2026-01-01T19:41:22.548896
526,2024-02-11,9,33224,367,2,299.02,119.75,2026-01-01T19:41:22.548896
527,2024-02-12,9,60028,839,7,540.26,395.41,2026-01-01T19:41:22.548896
528,2024-02-13,9,38658,348,2,347.93,90.31,2026-01-01T19:41:22.548896
529,2024-02-14,9,40896,389,2,368.07,115.18,2026-01-01T19:41:22.548896
530,2024-02-15,9,56851,753,6,511.66,299.92,2026-01-01T19:41:22.548896
531,2024-02-16,9,56479,743,6,508.32,328.11,2026-01-01T19:41:22.548896
532,2024-02-17,9,34781,402,3,313.03,150.03,2026-01-01T19:41:22.548896
533,2024-02-18,9,41546,574,5,373.92,232.52,2026-01-01T19:41:22.548896
534,2024-02-19,9,49313,566,4,443.82,200.93,2026-01-01T19:41:22.548896
535,2024-02-20,9,56990,757,6,512.92,328.24,2026-01-01T19:41:22.548896
536,2024-02-21,9,56639,747,6,509.76,270.0,2026-01-01T19:41:22.548896
537,2024-02-22,9,48242,542,4,434.19,228.74,2026-01-01T19:41:22.548896
538,2024-02-23,9,36271,306,1,326.45,50.63,2026-01-01T19:41:22.548896
539,2024-02-24,9,29791,295,1,268.12,47.02,2026-01-01T19:41:22.548896
540,2024-02-25,9,30748,314,2,276.74,102.44,2026-01-01T19:41:22.548896
541,2024-02-26,9,36273,306,1,326.46,60.43,2026-01-01T19:41:22.548896
542,2024-02-27,9,41461,400,2,373.15,104.73,2026-01-01T19:41:22.548896
543,2024-02-28,9,57768,777,6,519.92,330.03,2026-01-01T19:41:22.548896
544,2024-02-29,9,61774,889,8,555.97,493.89,2026-01-01T19:41:22.548896
545,2024-03-01,9,38260,341,2,344.35,125.92,2026-01-01T19:41:22.548896
546,2024-03-02,9,26138,227,1,235.25,44.41,2026-01-01T19:41:22.548896
547,2024-03-03,9,45140,678,6,406.26,377.8,2026-01-01T19:41:22.548896
548,2024-03-04,9,53817,675,5,484.36,283.07,2026-01-01T19:41:22.548896
549,2024-03-05,9,57948,782,7,521.54,372.32,2026-01-01T19:41:22.548896
550,2024-03-06,9,39591,365,2,356.33,88.92,2026-01-01T19:41:22.548896
551,2024-03-07,9,46065,494,3,414.59,184.89,2026-01-01T19:41:22.548896
552,2024-03-08,9,55126,708,6,496.14,373.83,2026-01-01T19:41:22.548896
553,2024-03-09,9,45110,677,6,405.99,275.63,2026-01-01T19:41:22.548896
554,2024-03-10,9,43482,629,6,391.34,296.12,2026-01-01T19:41:22.548896
555,2024-03-11,9,54222,685,5,488.0,277.64,2026-01-01T19:41:22.548896
556,2024-03-12,9,48258,542,4,434.33,203.3,2026-01-01T19:41:22.548896
557,2024-03-13,9,46520,504,3,418.69,153.98,2026-01-01T19:41:22.548896
558,2024-03-14,9,41227,396,2,371.05,110.46,2026-01-01T19:41:22.548896
559,2024-03-15,9,39556,364,2,356.01,110.44,2026-01-01T19:41:22.548896
560,2024-03-16,9,44810,668,6,403.3,310.12,2026-01-01T19:41:22.548896
561,2024-03-17,9,40950,558,5,368.55,310.08,2026-01-01T19:41:22.548896
562,2024-03-18,9,61208,873,8,550.87,393.58,2026-01-01T19:41:22.548896
563,2024-03-19,9,40557,383,2,365.02,96.68,2026-01-01T19:41:22.548896
564,2024-03-20,9,54640,695,5,491.77,303.62,2026-01-01T19:41:22.548896
565,2024-03-21,9,56280,738,6,506.53,287.38,2026-01-01T19:41:22.548896
566,2024-03-22,9,59905,836,7,539.15,384.09,2026-01-01T19:41:22.548896
567,2024-03-23,9,41535,574,5,373.82,303.59,2026-01-01T19:41:22.548896
568,2024-03-24,9,34929,406,3,314.37,192.99,2026-01-01T19:41:22.548896
569,2024-03-25,9,53469,666,5,481.23,289.88,2026-01-01T19:41:22.548896
570,2024-03-26,9,55323,713,6,497.91,378.08,2026-01-01T19:41:22.548896
571,2024-03-27,9,55407,715,6,498.66,283.93,2026-01-01T19:41:22.548896
572,2024-03-28,9,38143,339,2,343.29,107.46,2026-01-01T19:41:22.548896
573,2024-03-29,9,45387,480,3,408.49,150.13,2026-01-01T19:41:22.548896
574,2024-03-30,9,26438,232,1,237.95,55.16,2026-01-01T19:41:22.548896
575,2024-03-31,9,31935,339,2,287.42,107.88,2026-01-01T19:41:22.548896
576,2024-04-01,9,37791,332,1,340.12,62.3,2026-01-01T19:41:22.548896
577,2024-04-02,9,38404,343,2,345.64,126.03,2026-01-01T19:41:22.548896
578,2024-04-03,9,62451,909,8,562.06,460.24,2026-01-01T19:41:22.548896
579,2024-04-04,9,51696,622,4,465.26,216.72,2026-01-01T19:41:22.548896
580,2024-04-05,9,53155,658,5,478.4,307.1,2026-01-01T19:41:22.548896
581,2024-04-06,9,44593,662,6,401.34,323.36,2026-01-01T19:41:22.548896
582,2024-04-07,9,42732,608,5,384.6,291.7,2026-01-01T19:41:22.548896
583,2024-04-08,9,45965,492,3,413.69,163.39,2026-01-01T19:41:22.548896
584,2024-02-10,10,21859,431,11,54.65,680.42,2026-01-01T19:41:22.548896
585,2024-02-11,10,21074,401,10,52.69,869.74,2026-01-01T19:41:22.548896
586,2024-02-12,10,35792,810,25,89.48,2035.74,2026-01-01T19:41:22.548896
587,2024-02-13,10,39611,992,34,99.03,2216.01,2026-01-01T19:41:22.548896
588,2024-02-14,10,33524,711,21,83.81,1535.79,2026-01-01T19:41:22.548896
589,2024-02-15,10,38068,917,30,95.17,2270.47,2026-01-01T19:41:22.548896
590,2024-02-16,10,31415,624,17,78.54,1210.15,2026-01-01T19:41:22.548896
591,2024-02-17,10,24050,522,15,60.13,1083.95,2026-01-01T19:41:22.548896
592,2024-02-18,10,24970,563,17,62.43,1324.92,2026-01-01T19:41:22.548896
593,2024-02-19,10,46359,1360,55,115.9,4368.05,2026-01-01T19:41:22.548896
594,2024-02-20,10,29214,540,13,73.04,816.86,2026-01-01T19:41:22.548896
595,2024-02-21,10,43731,1210,46,109.33,3152.12,2026-01-01T19:41:22.548896
596,2024-02-22,10,44806,1270,50,112.02,3984.85,2026-01-01T19:41:22.548896
597,2024-02-23,10,49135,1527,66,122.84,5689.09,2026-01-01T19:41:22.548896
598,2024-02-24,10,24887,559,17,62.22,1317.2,2026-01-01T19:41:22.548896
599,2024-02-25,10,21703,425,11,54.26,775.44,2026-01-01T19:41:22.548896
600,2024-02-26,10,50589,1619,72,126.47,5828.72,2026-01-01T19:41:22.548896
601,2024-02-27,10,36943,863,28,92.36,2179.83,2026-01-01T19:41:22.548896
602,2024-02-28,10,49885,1574,69,124.71,4780.83,2026-01-01T19:41:22.548896
603,2024-02-29,10,36580,846,27,91.45,2261.25,2026-01-01T19:41:22.548896
604,2024-03-01,10,46927,1393,57,117.32,4565.9,2026-01-01T19:41:22.548896
605,2024-03-02,10,33110,991,41,82.78,3368.69,2026-01-01T19:41:22.548896
606,2024-03-03,10,30729,853,33,76.82,2501.13,2026-01-01T19:41:22.548896
607,2024-03-04,10,42965,1168,44,107.41,3198.9,2026-01-01T19:41:22.548896
608,2024-03-05,10,36228,830,26,90.57,1842.83,2026-01-01T19:41:22.548896
609,2024-03-06,10,31925,645,18,79.81,1195.66,2026-01-01T19:41:22.548896
610,2024-03-07,10,50114,1589,70,125.29,5221.17,2026-01-01T19:41:22.548896
611,2024-03-08,10,33022,690,20,82.56,1282.54,2026-01-01T19:41:22.548896
612,2024-03-09,10,20637,385,10,51.59,853.33,2026-01-01T19:41:22.548896
613,2024-03-10,10,21034,400,10,52.59,831.26,2026-01-01T19:41:22.548896
614,2024-03-11,10,47446,1424,59,118.62,5104.12,2026-01-01T19:41:22.548896
615,2024-03-12,10,28547,515,13,71.37,911.34,2026-01-01T19:41:22.548896
616,2024-03-13,10,45815,1328,53,114.54,3388.37,2026-01-01T19:41:22.548896
617,2024-03-14,10,36581,846,27,91.45,1751.42,2026-01-01T19:41:22.548896
618,2024-03-15,10,47357,1419,59,118.39,4904.84,2026-01-01T19:41:22.548896
619,2024-03-16,10,32780,971,40,81.95,2598.65,2026-01-01T19:41:22.548896
620,2024-03-17,10,26618,640,21,66.55,1518.84,2026-01-01T19:41:22.548896
621,2024-03-18,10,43684,1207,46,109.21,3087.79,2026-01-01T19:41:22.548896
622,2024-03-19,10,38181,922,31,95.45,2124.98,2026-01-01T19:41:22.548896
623,2024-03-20,10,45394,1304,52,113.49,3820.33,2026-01-01T19:41:22.548896
624,2024-03-21,10,40310,1028,36,100.78,2494.23,2026-01-01T19:41:22.548896
625,2024-03-22,10,46818,1387,57,117.05,4222.02,2026-01-01T19:41:22.548896
626,2024-03-23,10,33212,997,41,83.03,2912.44,2026-01-01T19:41:22.548896
627,2024-03-24,10,35071,1111,49,87.68,4387.13,2026-01-01T19:41:22.548896
628,2024-03-25,10,38595,942,32,96.49,2190.5,2026-01-01T19:41:22.548896
629,2024-03-26,10,36703,852,27,91.76,2047.24,2026-01-01T19:41:22.548896
630,2024-03-27,10,50555,1617,72,126.39,6084.49,2026-01-01T19:41:22.548896
631,2024-03-28,10,46644,1376,56,116.61,3592.51,2026-01-01T19:41:22.548896
632,2024-03-29,10,33578,713,21,83.95,1663.94,2026-01-01T19:41:22.548896
633,2024-03-30,10,33859,1036,44,84.65,3371.99,2026-01-01T19:41:22.548896
634,2024-03-31,10,21059,400,10,52.65,853.77,2026-01-01T19:41:22.548896
635,2024-04-01,10,47827,1447,61,119.57,4181.67,2026-01-01T19:41:22.548896
636,2024-04-02,10,45740,1324,53,114.35,3613.74,2026-01-01T19:41:22.548896
637,2024-04-03,10,49110,1526,66,122.78,4251.75,2026-01-01T19:41:22.548896
638,2024-04-04,10,38021,914,30,95.05,2651.77,2026-01-01T19:41:22.548896
639,2024-04-05,10,32915,685,19,82.29,1397.14,2026-01-01T19:41:22.548896
640,2024-04-06,10,25157,572,18,62.89,1094.4,2026-01-01T19:41:22.548896
641,2024-04-07,10,20240,370,9,50.6,675.54,2026-01-01T19:41:22.548896
642,2024-04-08,10,33241,699,20,83.1,1796.72,2026-01-01T19:41:22.548896
643,2024-04-09,10,36539,844,27,91.35,1642.83,2026-01-01T19:41:22.548896
644,2024-04-10,10,49715,1564,68,124.29,5791.92,2026-01-01T19:41:22.548896
645,2024-04-11,10,43058,1173,44,107.65,3684.62,2026-01-01T19:41:22.548896
646,2024-04-12,10,30914,604,16,77.29,1097.7,2026-01-01T19:41:22.548896
647,2024-04-13,10,33123,991,41,82.81,3316.17,2026-01-01T19:41:22.548896
648,2024-04-14,10,21659,424,11,54.15,892.83,2026-01-01T19:41:22.548896
649,2024-04-15,10,38285,927,31,95.71,1864.88,2026-01-01T19:41:22.548896
650,2024-10-22,11,90217,809,4,811.96,198.52,2026-01-01T19:41:22.548896
651,2024-10-23,11,144941,2088,20,1304.48,1121.47,2026-01-01T19:41:22.548896
652,2024-10-24,11,137141,1870,16,1234.27,889.78,2026-01-01T19:41:22.548896
653,2024-10-25,11,92531,851,5,832.79,251.69,2026-01-01T19:41:22.548896
654,2024-10-26,11,74401,786,5,669.61,225.25,2026-01-01T19:41:22.548896
655,2024-10-27,11,80416,918,6,723.75,368.79,2026-01-01T19:41:22.548896
656,2024-10-28,11,117581,1374,10,1058.23,464.39,2026-01-01T19:41:22.548896
657,2024-10-29,11,150024,2237,22,1350.22,1256.82,2026-01-01T19:41:22.548896
658,2024-10-30,11,85670,729,4,771.04,221.35,2026-01-01T19:41:22.548896
659,2024-10-31,11,101999,1034,6,918.0,282.95,2026-01-01T19:41:22.548896
660,2024-11-01,11,115562,1327,10,1040.06,575.26,2026-01-01T19:41:22.548896
661,2024-11-02,11,71330,722,4,641.97,212.66,2026-01-01T19:41:22.548896
662,2024-11-03,11,92812,1223,10,835.31,458.84,2026-01-01T19:41:22.548896
663,2024-11-04,11,155057,2390,24,1395.52,1091.73,2026-01-01T19:41:22.548896
664,2024-11-05,11,122573,1493,12,1103.16,661.93,2026-01-01T19:41:22.548896
665,2024-11-06,11,156047,2421,25,1404.43,1404.78,2026-01-01T19:41:22.548896
666,2024-11-07,11,112754,1264,9,1014.79,489.09,2026-01-01T19:41:22.548896
667,2024-11-08,11,130510,1693,14,1174.6,918.16,2026-01-01T19:41:22.548896
668,2024-11-09,11,71993,736,5,647.94,221.79,2026-01-01T19:41:22.548896
669,2024-11-10,11,99105,1395,13,891.95,670.61,2026-01-01T19:41:22.548896
670,2024-11-11,11,137554,1881,17,1237.99,982.97,2026-01-01T19:41:22.548896
671,2024-11-12,11,140346,1958,18,1263.12,1083.13,2026-01-01T19:41:22.548896
672,2024-11-13,11,108558,1171,8,977.03,359.8,2026-01-01T19:41:22.548896
673,2024-11-14,11,124018,1529,12,1116.17,742.77,2026-01-01T19:41:22.548896
674,2024-11-15,11,97159,938,6,874.43,366.85,2026-01-01T19:41:22.548896
675,2024-11-16,11,82687,971,7,744.19,415.09,2026-01-01T19:41:22.548896
676,2024-11-17,11,91158,1180,10,820.42,618.53,2026-01-01T19:41:22.548896
677,2024-11-18,11,89049,788,4,801.45,244.3,2026-01-01T19:41:22.548896
678,2024-11-19,11,117622,1375,10,1058.6,504.56,2026-01-01T19:41:22.548896
679,2024-11-20,11,87652,763,4,788.87,193.55,2026-01-01T19:41:22.548896
680,2024-11-21,11,87515,761,4,787.64,258.14,2026-01-01T19:41:22.548896
681,2024-11-22,11,121800,1475,11,1096.21,723.37,2026-01-01T19:41:22.548896
682,2024-11-23,11,86661,1066,8,779.96,396.58,2026-01-01T19:41:22.548896
683,2024-11-24,11,97319,1345,12,875.88,578.45,2026-01-01T19:41:22.548896
684,2024-11-25,11,110329,1210,8,992.97,489.43,2026-01-01T19:41:22.548896
685,2024-11-26,11,147174,2153,21,1324.57,1077.35,2026-01-01T19:41:22.548896
686,2024-11-27,11,93494,869,5,841.45,260.48,2026-01-01T19:41:22.548896
687,2024-11-28,11,148890,2204,21,1340.01,1267.41,2026-01-01T19:41:22.548896
688,2024-11-29,11,149263,2215,21,1343.37,1102.63,2026-01-01T19:41:22.548896
689,2024-11-30,11,108492,1671,17,976.44,933.58,2026-01-01T19:41:22.548896
690,2024-12-01,11,84355,1010,8,759.2,514.68,2026-01-01T19:41:22.548896
691,2024-12-02,11,122082,1481,11,1098.74,677.88,2026-01-01T19:41:22.548896
692,2024-12-03,11,137130,1869,16,1234.17,731.78,2026-01-01T19:41:22.548896
693,2024-05-28,12,48282,922,14,1042.9,1027.33,2026-01-01T19:41:22.548896
694,2024-05-29,12,46727,864,13,1009.31,784.57,2026-01-01T19:41:22.548896
695,2024-05-30,12,34025,458,5,734.95,345.92,2026-01-01T19:41:22.548896
696,2024-05-31,12,40205,639,8,868.43,541.35,2026-01-01T19:41:22.548896
697,2024-06-01,12,30428,523,7,657.26,489.54,2026-01-01T19:41:22.548896
698,2024-06-02,12,29004,475,6,626.49,318.61,2026-01-01T19:41:22.548896
699,2024-06-03,12,55585,1222,22,1200.64,1345.66,2026-01-01T19:41:22.548896
700,2024-06-04,12,59081,1381,26,1276.17,1537.6,2026-01-01T19:41:22.548896
701,2024-06-05,12,58587,1358,26,1265.48,1992.78,2026-01-01T19:41:22.548896
702,2024-06-06,12,33888,454,5,731.99,342.88,2026-01-01T19:41:22.548896
703,2024-06-07,12,41755,689,9,901.93,655.46,2026-01-01T19:41:22.548896
704,2024-06-08,12,35267,703,11,761.79,844.5,2026-01-01T19:41:22.548896
705,2024-06-09,12,25015,353,4,540.35,271.19,2026-01-01T19:41:22.548896
706,2024-06-10,12,53163,1118,19,1148.34,1005.19,2026-01-01T19:41:22.548896
707,2024-06-11,12,33675,448,4,727.39,288.97,2026-01-01T19:41:22.548896
708,2024-06-12,12,41838,692,9,903.7,557.59,2026-01-01T19:41:22.548896
709,2024-06-13,12,47321,886,13,1022.15,880.52,2026-01-01T19:41:22.548896
710,2024-06-14,12,50373,1004,16,1088.06,1226.71,2026-01-01T19:41:22.548896
711,2024-06-15,12,29395,488,6,634.94,431.04,2026-01-01T19:41:22.548896
712,2024-06-16,12,33252,625,9,718.26,591.89,2026-01-01T19:41:22.548896
713,2024-06-17,12,42703,721,10,922.4,688.89,2026-01-01T19:41:22.548896
714,2024-06-18,12,38652,591,7,834.9,384.65,2026-01-01T19:41:22.548896
715,2024-06-19,12,51918,1066,18,1121.44,1169.55,2026-01-01T19:41:22.548896
716,2024-06-20,12,42402,711,9,915.88,599.43,2026-01-01T19:41:22.548896
717,2024-06-21,12,38984,601,7,842.07,411.37,2026-01-01T19:41:22.548896
718,2024-06-22,12,30814,536,7,665.58,545.34,2026-01-01T19:41:22.548896
719,2024-06-23,12,27744,435,5,599.27,379.14,2026-01-01T19:41:22.548896
720,2024-06-24,12,45246,810,12,977.32,662.26,2026-01-01T19:41:22.548896
721,2024-06-25,12,55115,1202,21,1190.5,1338.82,2026-01-01T19:41:22.548896
722,2024-06-26,12,56366,1257,23,1217.53,1462.18,2026-01-01T19:41:22.548896
723,2024-06-27,12,34236,463,5,739.51,348.65,2026-01-01T19:41:22.548896
724,2024-06-28,12,54916,1193,21,1186.19,1266.49,2026-01-01T19:41:22.548896
725,2024-06-29,12,28925,472,6,624.79,322.13,2026-01-01T19:41:22.548896
726,2024-06-30,12,32646,602,9,705.16,676.57,2026-01-01T19:41:22.548896
727,2024-07-01,12,55075,1200,21,1189.63,1480.65,2026-01-01T19:41:22.548896
728,2024-07-02,12,57148,1292,24,1234.41,1645.92,2026-01-01T19:41:22.548896
729,2024-05-22,13,83340,2450,100,208.35,7526.27,2026-01-01T19:41:22.548896
730,2024-05-23,13,54757,1057,28,136.89,1848.82,2026-01-01T19:41:22.548896
731,2024-05-24,13,55502,1086,29,138.76,2427.62,2026-01-01T19:41:22.548896
732,2024-05-25,13,35501,635,15,88.75,1149.31,2026-01-01T19:41:22.548896
733,2024-05-26,13,45697,1052,33,114.24,2775.63,2026-01-01T19:41:22.548896
734,2024-05-27,13,73050,1882,67,182.63,5250.02,2026-01-01T19:41:22.548896
735,2024-05-28,13,53263,1000,26,133.16,1801.25,2026-01-01T19:41:22.548896
736,2024-05-29,13,92093,2992,136,230.23,11092.99,2026-01-01T19:41:22.548896
737,2024-05-30,13,71947,1826,64,179.87,5316.8,2026-01-01T19:41:22.548896
738,2024-05-31,13,84600,2525,105,211.5,6532.31,2026-01-01T19:41:22.548896
739,2024-06-01,13,63655,2042,91,159.14,7213.58,2026-01-01T19:41:22.548896
740,2024-06-02,13,48109,1166,39,120.27,3135.73,2026-01-01T19:41:22.548896
741,2024-06-03,13,64244,1456,46,160.61,3971.59,2026-01-01T19:41:22.548896
742,2024-06-04,13,82769,2417,98,206.92,7760.99,2026-01-01T19:41:22.548896
743,2024-06-05,13,57334,1159,32,143.34,2847.61,2026-01-01T19:41:22.548896
744,2024-06-06,13,67990,1631,54,169.98,4715.35,2026-01-01T19:41:22.548896
745,2024-06-07,13,51954,952,24,129.89,1529.4,2026-01-01T19:41:22.548896
746,2024-06-08,13,39272,777,21,98.18,1363.73,2026-01-01T19:41:22.548896
747,2024-06-09,13,44320,990,30,110.8,2438.4,2026-01-01T19:41:22.548896
748,2024-06-10,13,64308,1459,46,160.77,4058.45,2026-01-01T19:41:22.548896
749,2024-06-11,13,87644,2710,117,219.11,9989.23,2026-01-01T19:41:22.548896
750,2024-06-12,13,60252,1280,38,150.63,3003.97,2026-01-01T19:41:22.548896
751,2024-06-13,13,73016,1881,67,182.54,4271.59,2026-01-01T19:41:22.548896
752,2024-06-14,13,62472,1377,42,156.18,3192.18,2026-01-01T19:41:22.548896
753,2024-06-15,13,49674,1243,43,124.19,2797.54,2026-01-01T19:41:22.548896
754,2024-06-16,13,62740,1984,87,156.85,5622.45,2026-01-01T19:41:22.548896
755,2024-06-17,13,77602,2124,81,194.01,6611.14,2026-01-01T19:41:22.548896
756,2024-06-18,13,75324,2001,74,188.31,6310.42,2026-01-01T19:41:22.548896
757,2024-06-19,13,73559,1909,69,183.9,5848.24,2026-01-01T19:41:22.548896
758,2024-06-20,13,50804,910,22,127.01,1350.0,2026-01-01T19:41:22.548896
759,2024-06-21,13,76868,2084,79,192.17,6106.95,2026-01-01T19:41:22.548896
760,2024-06-22,13,54095,1475,56,135.24,4648.49,2026-01-01T19:41:22.548896
761,2024-06-23,13,47116,1118,37,117.79,2929.28,2026-01-01T19:41:22.548896
762,2024-06-24,13,70771,1767,61,176.93,4807.71,2026-01-01T19:41:22.548896
763,2024-06-25,13,61913,1352,41,154.78,3636.68,2026-01-01T19:41:22.548896
764,2024-06-26,13,70129,1735,60,175.32,5048.44,2026-01-01T19:41:22.548896
765,2024-06-27,13,78719,2186,85,196.8,5858.46,2026-01-01T19:41:22.548896
766,2024-06-28,13,52700,979,25,131.75,1544.93,2026-01-01T19:41:22.548896
767,2024-06-29,13,47801,1151,38,119.5,2832.05,2026-01-01T19:41:22.548896
768,2024-06-30,13,40790,838,24,101.98,1876.8,2026-01-01T19:41:22.548896
769,2024-07-01,13,62887,1395,43,157.22,3506.69,2026-01-01T19:41:22.548896
770,2024-07-02,13,80811,2304,91,202.03,7809.92,2026-01-01T19:41:22.548896
771,2024-07-03,13,91064,2925,131,227.66,8373.91,2026-01-01T19:41:22.548896
772,2024-07-04,13,65351,1506,48,163.38,3688.78,2026-01-01T19:41:22.548896
773,2024-07-05,13,63164,1407,43,157.91,3181.75,2026-01-01T19:41:22.548896
774,2024-07-06,13,42678,918,27,106.7,1820.81,2026-01-01T19:41:22.548896
775,2024-07-07,13,37599,712,18,94.0,1236.71,2026-01-01T19:41:22.548896
776,2024-07-08,13,65929,1533,49,164.82,3844.6,2026-01-01T19:41:22.548896
777,2024-07-09,13,60152,1276,37,150.38,3180.49,2026-01-01T19:41:22.548896
778,2024-07-10,13,56387,1121,31,140.97,2164.52,2026-01-01T19:41:22.548896
779,2024-07-11,13,74157,1940,71,185.39,4926.08,2026-01-01T19:41:22.548896
780,2024-07-12,13,82040,2374,96,205.1,7195.0,2026-01-01T19:41:22.548896
781,2024-07-13,13,50036,1261,44,125.09,3298.36,2026-01-01T19:41:22.548896
782,2024-07-14,13,43900,971,30,109.75,1820.86,2026-01-01T19:41:22.548896
783,2024-07-15,13,89782,2844,126,224.46,9470.58,2026-01-01T19:41:22.548896
784,2024-07-16,13,90694,2902,130,226.74,8639.06,2026-01-01T19:41:22.548896
785,2024-07-17,13,64600,1472,46,161.5,2829.75,2026-01-01T19:41:22.548896
786,2024-07-18,13,70637,1760,61,176.59,5274.68,2026-01-01T19:41:22.548896
787,2024-07-19,13,77412,2114,80,193.53,5929.41,2026-01-01T19:41:22.548896
788,2024-07-20,13,50690,1295,46,126.73,3929.1,2026-01-01T19:41:22.548896
789,2024-07-08,14,12312,212,3,265.94,224.83,2026-01-01T19:41:22.548896
790,2024-07-09,14,14597,298,5,315.31,359.3,2026-01-01T19:41:22.548896
791,2024-07-10,14,11811,195,2,255.12,124.83,2026-01-01T19:41:22.548896
792,2024-07-11,14,13385,251,3,289.14,171.18,2026-01-01T19:41:22.548896
793,2024-07-12,14,13254,246,3,286.3,161.74,2026-01-01T19:41:22.548896
794,2024-07-13,14,9014,162,2,194.7,143.75,2026-01-01T19:41:22.548896
795,2024-07-14,14,7802,121,1,168.54,77.72,2026-01-01T19:41:22.548896
796,2024-07-15,14,14234,283,4,307.47,220.36,2026-01-01T19:41:22.548896
797,2024-07-16,14,16505,381,7,356.52,435.69,2026-01-01T19:41:22.548896
798,2024-07-17,14,15117,320,5,326.53,304.08,2026-01-01T19:41:22.548896
799,2024-07-18,14,16227,369,6,350.51,429.77,2026-01-01T19:41:22.548896
800,2024-07-19,14,10525,155,1,227.34,65.24,2026-01-01T19:41:22.548896
801,2024-07-20,14,8991,161,2,194.22,106.36,2026-01-01T19:41:22.548896
802,2024-07-21,14,7032,99,1,151.91,60.66,2026-01-01T19:41:22.548896
803,2024-07-22,14,12642,223,3,273.07,191.65,2026-01-01T19:41:22.548896
804,2024-07-23,14,13663,261,4,295.13,261.61,2026-01-01T19:41:22.548896
805,2024-07-24,14,11518,185,2,248.8,135.88,2026-01-01T19:41:22.548896
806,2024-07-25,14,10243,147,1,221.26,77.76,2026-01-01T19:41:22.548896
807,2024-07-26,14,14688,302,5,317.28,298.9,2026-01-01T19:41:22.548896
808,2024-07-27,14,8108,131,1,175.14,73.54,2026-01-01T19:41:22.548896
809,2024-07-28,14,9165,168,2,197.98,140.85,2026-01-01T19:41:22.548896
810,2024-07-29,14,11301,178,2,244.11,146.42,2026-01-01T19:41:22.548896
811,2024-07-30,14,11829,196,2,255.52,139.04,2026-01-01T19:41:22.548896
812,2024-07-31,14,16542,383,7,357.32,470.23,2026-01-01T19:41:22.548896
813,2024-08-01,14,15131,320,5,326.84,354.29,2026-01-01T19:41:22.548896
814,2024-08-02,14,14293,286,4,308.74,210.77,2026-01-01T19:41:22.548896
815,2024-08-03,14,8853,156,2,191.25,154.29,2026-01-01T19:41:22.548896
816,2024-08-04,14,10517,221,3,227.17,216.54,2026-01-01T19:41:22.548896
817,2024-08-05,14,13442,253,3,290.36,212.27,2026-01-01T19:41:22.548896
818,2024-08-06,14,13488,254,4,291.34,225.73,2026-01-01T19:41:22.548896
819,2024-08-07,14,13838,268,4,298.92,272.45,2026-01-01T19:41:22.548896
820,2024-08-08,14,15473,335,6,334.23,335.05,2026-01-01T19:41:22.548896
821,2024-08-09,14,14237,284,4,307.52,211.28,2026-01-01T19:41:22.548896
822,2024-08-10,14,11408,260,4,246.43,219.43,2026-01-01T19:41:22.548896
823,2024-08-11,14,6395,81,0,138.15,0.0,2026-01-01T19:41:22.548896
824,2024-08-12,14,10158,144,1,219.41,69.95,2026-01-01T19:41:22.548896
825,2024-08-13,14,12153,206,2,262.52,144.3,2026-01-01T19:41:22.548896
826,2024-08-14,14,16085,362,6,347.44,448.16,2026-01-01T19:41:22.548896
827,2024-08-15,14,14661,301,5,316.7,268.1,2026-01-01T19:41:22.548896
828,2024-08-16,14,10055,141,1,217.19,57.39,2026-01-01T19:41:22.548896
829,2024-08-17,14,8047,129,1,173.82,69.22,2026-01-01T19:41:22.548896
830,2024-08-18,14,9128,166,2,197.18,120.32,2026-01-01T19:41:22.548896
831,2024-08-19,14,10325,149,1,223.04,75.72,2026-01-01T19:41:22.548896
832,2024-08-20,14,11629,189,2,251.19,122.42,2026-01-01T19:41:22.548896
833,2024-08-21,14,14940,312,5,322.71,353.72,2026-01-01T19:41:22.548896
834,2024-08-22,14,13948,272,4,301.29,280.1,2026-01-01T19:41:22.548896
835,2024-08-23,14,13692,262,4,295.76,228.0,2026-01-01T19:41:22.548896
836,2024-08-24,14,7623,116,1,164.67,66.51,2026-01-01T19:41:22.548896
837,2024-08-25,14,7506,112,1,162.15,77.3,2026-01-01T19:41:22.548896
838,2024-08-26,14,11284,178,2,243.75,119.03,2026-01-01T19:41:22.548896
839,2024-08-27,14,10588,157,1,228.71,70.33,2026-01-01T19:41:22.548896
840,2024-08-28,14,11434,183,2,246.98,122.14,2026-01-01T19:41:22.548896
841,2024-08-29,14,16186,367,6,349.63,436.08,2026-01-01T19:41:22.548896
842,2024-03-28,15,5950,179,3,520.64,216.43,2026-01-01T19:41:22.548896
843,2024-03-29,15,7615,294,8,666.39,647.28,2026-01-01T19:41:22.548896
844,2024-03-30,15,6209,279,8,543.29,766.6,2026-01-01T19:41:22.548896
845,2024-03-31,15,6135,273,8,536.82,762.86,2026-01-01T19:41:22.548896
846,2024-04-01,15,6020,184,4,526.78,311.12,2026-01-01T19:41:22.548896
847,2024-04-02,15,7770,306,8,679.96,638.21,2026-01-01T19:41:22.548896
848,2024-04-03,15,6648,224,5,581.71,383.6,2026-01-01T19:41:22.548896
849,2024-04-04,15,6799,234,5,594.98,374.35,2026-01-01T19:41:22.548896
850,2024-04-05,15,7045,252,6,616.49,598.34,2026-01-01T19:41:22.548896
851,2024-04-06,15,5387,210,5,471.42,363.34,2026-01-01T19:41:22.548896
852,2024-04-07,15,5154,192,5,451.05,439.76,2026-01-01T19:41:22.548896
853,2024-04-08,15,5822,172,3,509.43,272.32,2026-01-01T19:41:22.548896
854,2024-04-09,15,7014,250,6,613.76,538.14,2026-01-01T19:41:22.548896
855,2024-04-10,15,5037,128,2,440.75,164.1,2026-01-01T19:41:22.548896
856,2024-04-11,15,7784,307,8,681.12,571.35,2026-01-01T19:41:22.548896
857,2024-04-12,15,8004,325,9,700.43,613.59,2026-01-01T19:41:22.548896
858,2024-04-13,15,4965,179,4,434.52,398.36,2026-01-01T19:41:22.548896
859,2024-04-14,15,4551,150,3,398.22,299.37,2026-01-01T19:41:22.548896
860,2024-04-15,15,8449,362,11,739.34,926.57,2026-01-01T19:41:22.548896
861,2024-04-16,15,5644,161,3,493.89,302.32,2026-01-01T19:41:22.548896
862,2024-04-17,15,6147,192,4,537.89,359.84,2026-01-01T19:41:22.548896
863,2024-04-18,15,8571,373,11,750.02,781.46,2026-01-01T19:41:22.548896
864,2024-04-19,15,7192,262,6,629.34,517.17,2026-01-01T19:41:22.548896
865,2024-04-20,15,5465,216,6,478.24,599.08,2026-01-01T19:41:22.548896
866,2024-04-21,15,6015,262,8,526.35,591.62,2026-01-01T19:41:22.548896
867,2024-04-22,15,8465,364,11,740.73,813.74,2026-01-01T19:41:22.548896
868,2024-04-23,15,8619,377,11,754.25,1120.94,2026-01-01T19:41:22.548896
869,2024-04-24,15,6460,212,4,565.3,339.37,2026-01-01T19:41:22.548896
870,2024-04-25,15,8690,383,12,760.38,1208.55,2026-01-01T19:41:22.548896
871,2024-04-26,15,8646,379,11,756.56,1075.9,2026-01-01T19:41:22.548896
872,2024-04-27,15,3401,83,1,297.59,87.31,2026-01-01T19:41:22.548896
873,2024-04-28,15,3684,98,1,322.4,101.42,2026-01-01T19:41:22.548896
874,2024-04-29,15,5996,182,3,524.65,304.89,2026-01-01T19:41:22.548896
875,2024-04-30,15,7065,253,6,618.19,508.76,2026-01-01T19:41:22.548896
876,2024-05-01,15,8698,384,12,761.09,1163.23,2026-01-01T19:41:22.548896
877,2024-05-02,15,6754,231,5,590.98,372.78,2026-01-01T19:41:22.548896
878,2024-05-03,15,5285,141,2,462.5,147.05,2026-01-01T19:41:22.548896
879,2024-05-04,15,4701,160,3,411.38,230.24,2026-01-01T19:41:22.548896
880,2024-05-05,15,3912,111,2,342.37,186.09,2026-01-01T19:41:22.548896
881,2024-05-06,15,8087,332,9,707.66,785.74,2026-01-01T19:41:22.548896
882,2024-05-07,15,7949,321,9,695.55,665.7,2026-01-01T19:41:22.548896
883,2024-05-08,15,8357,354,10,731.29,984.99,2026-01-01T19:41:22.548896
884,2024-05-09,15,8237,344,10,720.75,855.2,2026-01-01T19:41:22.548896
885,2024-05-10,15,5178,136,2,453.14,181.51,2026-01-01T19:41:22.548896
886,2024-05-11,15,3908,110,2,342.01,145.56,2026-01-01T19:41:22.548896
887,2024-05-12,15,4310,134,2,377.14,152.87,2026-01-01T19:41:22.548896
888,2024-05-13,15,5897,176,3,516.06,228.02,2026-01-01T19:41:22.548896
889,2024-05-14,15,7934,319,9,694.28,903.93,2026-01-01T19:41:22.548896
890,2024-05-15,15,6067,187,4,530.94,370.31,2026-01-01T19:41:22.548896
891,2024-05-16,15,4867,120,2,425.91,180.45,2026-01-01T19:41:22.548896
892,2024-05-17,15,7682,299,8,672.23,560.9,2026-01-01T19:41:22.548896
893,2024-05-18,15,3716,100,1,325.16,78.43,2026-01-01T19:41:22.548896
894,2024-05-19,15,4546,150,3,397.84,255.26,2026-01-01T19:41:22.548896
895,2024-05-20,15,8518,368,11,745.38,1011.13,2026-01-01T19:41:22.548896
896,2024-05-21,15,6105,189,4,534.2,287.97,2026-01-01T19:41:22.548896
897,2024-05-22,15,8605,376,11,752.98,858.34,2026-01-01T19:41:22.548896
898,2024-05-23,15,7359,275,7,643.98,528.15,2026-01-01T19:41:22.548896
899,2024-05-24,15,5372,146,2,470.07,146.42,2026-01-01T19:41:22.548896
900,2024-05-25,15,5536,222,6,484.47,531.57,2026-01-01T19:41:22.548896
901,2024-05-26,15,4576,152,3,400.48,260.02,2026-01-01T19:41:22.548896
902,2024-05-27,15,6765,232,5,591.99,431.38,2026-01-01T19:41:22.548896
903,2024-05-28,15,7564,290,7,661.86,527.98,2026-01-01T19:41:22.548896
904,2024-05-29,15,5842,173,3,511.24,280.98,2026-01-01T19:41:22.548896
905,2024-05-30,15,8427,360,11,737.44,778.62,2026-01-01T19:41:22.548896
906,2024-05-31,15,6666,225,5,583.29,459.64,2026-01-01T19:41:22.548896
907,2024-07-13,16,64802,1209,31,162.01,2384.68,2026-01-01T19:41:22.548896
908,2024-07-14,16,63951,1178,30,159.88,2292.88,2026-01-01T19:41:22.548896
909,2024-07-15,16,124360,3119,109,310.9,8412.73,2026-01-01T19:41:22.548896
910,2024-07-16,16,97911,1933,53,244.78,3701.71,2026-01-01T19:41:22.548896
911,2024-07-17,16,125465,3174,112,313.66,7110.57,2026-01-01T19:41:22.548896
912,2024-07-18,16,102042,2100,60,255.11,4649.67,2026-01-01T19:41:22.548896
913,2024-07-19,16,93530,1764,46,233.83,3464.32,2026-01-01T19:41:22.548896
914,2024-07-20,16,102837,3047,126,257.09,9273.97,2026-01-01T19:41:22.548896
915,2024-07-21,16,87456,2203,77,218.64,5675.2,2026-01-01T19:41:22.548896
916,2024-07-22,16,91060,1672,42,227.65,3102.6,2026-01-01T19:41:22.548896
917,2024-07-23,16,146778,4345,180,366.95,14705.71,2026-01-01T19:41:22.548896
918,2024-07-24,16,116213,2723,89,290.53,7519.93,2026-01-01T19:41:22.548896
919,2024-07-25,16,142233,4080,163,355.58,12607.94,2026-01-01T19:41:22.548896
920,2024-07-26,16,90134,1638,41,225.34,2883.77,2026-01-01T19:41:22.548896
921,2024-07-27,16,64055,1182,30,160.14,2694.71,2026-01-01T19:41:22.548896
922,2024-07-28,16,109391,3447,152,273.48,9434.73,2026-01-01T19:41:22.548896
923,2024-07-29,16,156212,4921,217,390.53,13226.59,2026-01-01T19:41:22.548896
924,2024-07-30,16,117174,2769,91,292.94,7559.29,2026-01-01T19:41:22.548896
925,2024-07-31,16,143722,4166,169,359.31,15100.15,2026-01-01T19:41:22.548896
926,2024-08-01,16,134801,3664,139,337.0,10092.91,2026-01-01T19:41:22.548896
927,2024-08-02,16,160606,5202,235,401.52,16796.48,2026-01-01T19:41:22.548896
928,2024-08-03,16,106009,3237,138,265.02,12034.02,2026-01-01T19:41:22.548896
929,2024-08-04,16,80292,1857,60,200.73,4828.91,2026-01-01T19:41:22.548896
930,2024-08-05,16,135985,3729,143,339.96,10893.6,2026-01-01T19:41:22.548896
931,2024-08-06,16,135370,3696,141,338.43,9931.07,2026-01-01T19:41:22.548896
932,2024-08-07,16,100039,2018,57,250.1,4338.71,2026-01-01T19:41:22.548896
933,2024-08-08,16,126097,3206,114,315.24,9329.27,2026-01-01T19:41:22.548896
934,2024-08-09,16,103328,2153,62,258.32,3726.46,2026-01-01T19:41:22.548896
935,2024-08-10,16,61920,1104,27,154.8,1861.67,2026-01-01T19:41:22.548896
936,2024-08-11,16,95799,2644,102,239.5,7786.0,2026-01-01T19:41:22.548896
937,2024-08-12,16,126327,3218,114,315.82,9655.89,2026-01-01T19:41:22.548896
938,2024-08-13,16,105174,2231,66,262.94,4645.4,2026-01-01T19:41:22.548896
939,2024-08-14,16,107267,2320,70,268.17,6168.56,2026-01-01T19:41:22.548896
940,2024-08-15,16,140687,3992,158,351.72,10014.88,2026-01-01T19:41:22.548896
941,2024-08-16,16,146968,4356,180,367.42,13063.9,2026-01-01T19:41:22.548896
942,2024-08-17,16,100617,2916,118,251.54,10208.5,2026-01-01T19:41:22.548896
943,2024-08-18,16,61551,1091,27,153.88,1786.93,2026-01-01T19:41:22.548896
944,2024-08-19,16,94270,1792,47,235.68,2867.34,2026-01-01T19:41:22.548896
945,2024-08-20,16,131224,3473,128,328.06,10380.62,2026-01-01T19:41:22.548896
946,2024-08-21,16,90386,1647,42,225.97,3453.08,2026-01-01T19:41:22.548896
947,2024-08-22,16,116683,2746,90,291.71,6032.72,2026-01-01T19:41:22.548896
948,2024-08-23,16,102925,2136,62,257.31,5326.54,2026-01-01T19:41:22.548896
949,2024-08-24,16,63675,1168,30,159.19,2253.51,2026-01-01T19:41:22.548896
950,2024-08-25,16,75795,1655,50,189.49,4223.68,2026-01-01T19:41:22.548896
951,2024-08-26,16,141170,4019,160,352.93,11130.74,2026-01-01T19:41:22.548896
952,2024-08-27,16,131234,3473,128,328.09,10262.52,2026-01-01T19:41:22.548896
953,2024-08-28,16,110614,2467,77,276.54,5317.08,2026-01-01T19:41:22.548896
954,2024-08-29,16,97421,1914,52,243.55,4149.93,2026-01-01T19:41:22.548896
955,2024-06-15,17,10467,156,1,226.1,59.81,2026-01-01T19:41:22.548896
956,2024-06-16,17,9260,122,1,200.02,76.66,2026-01-01T19:41:22.548896
957,2024-06-17,17,22051,487,8,476.31,605.61,2026-01-01T19:41:22.548896
958,2024-06-18,17,19317,373,6,417.25,378.64,2026-01-01T19:41:22.548896
959,2024-06-19,17,17912,321,4,386.91,309.12,2026-01-01T19:41:22.548896
960,2024-06-20,17,22718,517,9,490.71,625.09,2026-01-01T19:41:22.548896
961,2024-06-21,17,21039,443,7,454.45,422.01,2026-01-01T19:41:22.548896
962,2024-06-22,17,11940,204,2,257.92,111.76,2026-01-01T19:41:22.548896
963,2024-06-23,17,11639,193,2,251.42,143.23,2026-01-01T19:41:22.548896
964,2024-06-24,17,17674,313,4,381.77,296.33,2026-01-01T19:41:22.548896
965,2024-06-25,17,15812,250,3,341.55,211.19,2026-01-01T19:41:22.548896
966,2024-06-26,17,21254,452,8,459.1,606.27,2026-01-01T19:41:22.548896
967,2024-06-27,17,18631,347,5,402.45,385.81,2026-01-01T19:41:22.548896
968,2024-06-28,17,18576,345,5,401.26,277.43,2026-01-01T19:41:22.548896
969,2024-06-29,17,10632,161,2,229.65,114.57,2026-01-01T19:41:22.548896
970,2024-06-30,17,13678,267,4,295.45,303.91,2026-01-01T19:41:22.548896
971,2024-07-01,17,21700,471,8,468.73,435.23,2026-01-01T19:41:22.548896
972,2024-07-02,17,20379,416,7,440.2,398.67,2026-01-01T19:41:22.548896
973,2024-07-03,17,15464,239,3,334.04,208.55,2026-01-01T19:41:22.548896
974,2024-07-04,17,19068,364,5,411.88,373.57,2026-01-01T19:41:22.548896
975,2024-07-05,17,14599,213,2,315.35,143.61,2026-01-01T19:41:22.548896
976,2024-07-06,17,14263,291,4,308.1,266.12,2026-01-01T19:41:22.548896
977,2024-07-07,17,12416,220,3,268.19,223.82,2026-01-01T19:41:22.548896
978,2024-07-08,17,16159,261,3,349.05,230.65,2026-01-01T19:41:22.548896
979,2024-07-09,17,12737,162,1,275.12,76.37,2026-01-01T19:41:22.548896
980,2024-07-10,17,22938,527,10,495.48,550.5,2026-01-01T19:41:22.548896
981,2024-07-11,17,23342,546,10,504.21,644.52,2026-01-01T19:41:22.548896
982,2024-07-12,17,15185,231,2,328.02,135.43,2026-01-01T19:41:22.548896
983,2024-07-13,17,10342,153,1,223.41,75.79,2026-01-01T19:41:22.548896
984,2024-07-14,17,12964,240,3,280.04,216.49,2026-01-01T19:41:22.548896
985,2024-07-15,17,16673,278,3,360.15,197.62,2026-01-01T19:41:22.548896
986,2024-07-16,17,16443,270,3,355.17,176.4,2026-01-01T19:41:22.548896
987,2024-07-17,17,18097,328,4,390.91,259.72,2026-01-01T19:41:22.548896
988,2024-07-18,17,13634,186,2,294.5,155.03,2026-01-01T19:41:22.548896
989,2024-07-19,17,17630,311,4,380.83,295.33,2026-01-01T19:41:22.548896
990,2024-07-20,17,15697,352,6,339.06,369.83,2026-01-01T19:41:22.548896
991,2024-07-21,17,11922,203,2,257.53,133.25,2026-01-01T19:41:22.548896
992,2024-07-22,17,14956,224,2,323.05,111.59,2026-01-01T19:41:22.548896
993,2024-07-23,17,15381,237,3,332.25,228.91,2026-01-01T19:41:22.548896
994,2024-07-24,17,18812,354,5,406.35,314.29,2026-01-01T19:41:22.548896
995,2024-07-25,17,14214,202,2,307.03,121.15,2026-01-01T19:41:22.548896
996,2024-07-26,17,16664,278,3,359.96,221.0,2026-01-01T19:41:22.548896
997,2024-07-27,17,12566,226,3,271.44,207.06,2026-01-01T19:41:22.548896
998,2024-07-28,17,13966,279,4,301.67,234.76,2026-01-01T19:41:22.548896
999,2024-07-29,17,21425,460,8,462.78,617.03,2026-01-01T19:41:22.548896
1000,2024-07-30,17,19486,380,6,420.91,388.53,2026-01-01T19:41:22.548896
