transaction_id,customer_id,transaction_date,order_value,products_purchased,discount_applied,created_at
1,1,2024-01-14,53.03,2,0.0,2026-01-01T19:41:24.614265
2,2,2024-01-14,45.1,4,0.0,2026-01-01T19:41:24.614265
3,2,2024-03-13,43.46,2,20.0,2026-01-01T19:41:24.614265
4,3,2024-01-14,74.16,3,0.0,2026-01-01T19:41:24.614265
5,3,2024-02-20,81.29,4,20.0,2026-01-01T19:41:24.614265
6,3,2024-03-31,73.47,2,0.0,2026-01-01T19:41:24.614265
7,4,2024-01-14,92.99,2,0.0,2026-01-01T19:41:24.614265
8,4,2024-03-11,86.68,1,20.0,2026-01-01T19:41:24.614265
9,5,2024-01-15,57.59,4,0.0,2026-01-01T19:41:24.614265
10,5,2024-02-21,47.02,2,0.0,2026-01-01T19:41:24.614265
11,6,2024-01-15,116.49,2,0.0,2026-01-01T19:41:24.614265
12,6,2024-03-08,121.44,2,0.0,2026-01-01T19:41:24.614265
13,6,2024-04-11,113.2,1,0.0,2026-01-01T19:41:24.614265
14,7,2024-01-15,92.38,3,0.0,2026-01-01T19:41:24.614265
15,8,2024-01-15,72.23,1,0.0,2026-01-01T19:41:24.614265
16,8,2024-02-23,69.34,4,10.0,2026-01-01T19:41:24.614265
17,9,2024-01-15,56.4,2,0.0,2026-01-01T19:41:24.614265
18,9,2024-02-06,48.43,2,0.0,2026-01-01T19:41:24.614265
19,9,2024-03-28,61.84,1,15.0,2026-01-01T19:41:24.614265
20,10,2024-01-17,118.53,4,0.0,2026-01-01T19:41:24.614265
21,10,2024-03-05,104.07,1,0.0,2026-01-01T19:41:24.614265
22,10,2024-03-19,106.17,2,15.0,2026-01-01T19:41:24.614265
23,10,2024-05-01,129.78,3,5.0,2026-01-01T19:41:24.614265
24,10,2024-05-14,120.63,4,0.0,2026-01-01T19:41:24.614265
25,10,2024-07-01,116.29,2,0.0,2026-01-01T19:41:24.614265
26,10,2024-07-12,116.81,2,20.0,2026-01-01T19:41:24.614265
27,10,2024-09-01,83.91,4,10.0,2026-01-01T19:41:24.614265
28,10,2024-10-31,110.69,1,15.0,2026-01-01T19:41:24.614265
29,11,2024-01-17,106.16,2,0.0,2026-01-01T19:41:24.614265
30,11,2024-03-02,103.83,4,0.0,2026-01-01T19:41:24.614265
31,11,2024-03-17,98.73,2,15.0,2026-01-01T19:41:24.614265
32,11,2024-04-09,110.47,1,0.0,2026-01-01T19:41:24.614265
33,11,2024-05-09,115.34,4,0.0,2026-01-01T19:41:24.614265
34,12,2024-01-17,101.05,1,0.0,2026-01-01T19:41:24.614265
35,12,2024-01-26,108.98,3,10.0,2026-01-01T19:41:24.614265
36,12,2024-03-01,76.39,3,5.0,2026-01-01T19:41:24.614265
37,12,2024-03-30,95.24,2,10.0,2026-01-01T19:41:24.614265
38,12,2024-05-18,103.87,1,0.0,2026-01-01T19:41:24.614265
39,12,2024-06-13,105.34,2,0.0,2026-01-01T19:41:24.614265
40,12,2024-07-03,94.65,2,0.0,2026-01-01T19:41:24.614265
41,13,2024-01-18,66.73,1,0.0,2026-01-01T19:41:24.614265
42,13,2024-03-06,70.83,4,5.0,2026-01-01T19:41:24.614265
43,13,2024-03-29,64.77,2,15.0,2026-01-01T19:41:24.614265
44,14,2024-01-19,75.36,3,0.0,2026-01-01T19:41:24.614265
45,15,2024-01-20,56.35,3,0.0,2026-01-01T19:41:24.614265
46,16,2024-01-21,91.14,4,0.0,2026-01-01T19:41:24.614265
47,16,2024-03-18,79.61,2,0.0,2026-01-01T19:41:24.614265
48,17,2024-01-21,124.52,3,0.0,2026-01-01T19:41:24.614265
49,17,2024-02-04,121.23,1,5.0,2026-01-01T19:41:24.614265
50,17,2024-02-16,105.24,3,0.0,2026-01-01T19:41:24.614265
51,18,2024-01-21,115.35,2,0.0,2026-01-01T19:41:24.614265
52,18,2024-02-03,98.15,4,0.0,2026-01-01T19:41:24.614265
53,19,2024-01-22,97.53,2,0.0,2026-01-01T19:41:24.614265
54,20,2024-01-22,100.1,5,0.0,2026-01-01T19:41:24.614265
55,20,2024-03-02,84.04,3,10.0,2026-01-01T19:41:24.614265
56,20,2024-04-16,74.04,2,0.0,2026-01-01T19:41:24.614265
57,20,2024-06-10,85.67,4,0.0,2026-01-01T19:41:24.614265
58,21,2024-01-23,65.37,5,0.0,2026-01-01T19:41:24.614265
59,21,2024-01-30,63.71,2,15.0,2026-01-01T19:41:24.614265
60,21,2024-03-13,64.99,3,0.0,2026-01-01T19:41:24.614265
61,22,2024-01-23,77.31,5,0.0,2026-01-01T19:41:24.614265
62,22,2024-02-28,59.78,4,0.0,2026-01-01T19:41:24.614265
63,23,2024-01-23,44.2,4,0.0,2026-01-01T19:41:24.614265
64,24,2024-01-23,108.83,2,0.0,2026-01-01T19:41:24.614265
65,24,2024-02-04,117.43,3,5.0,2026-01-01T19:41:24.614265
66,24,2024-02-15,107.96,2,0.0,2026-01-01T19:41:24.614265
67,24,2024-02-27,108.54,4,10.0,2026-01-01T19:41:24.614265
68,24,2024-04-01,105.65,2,15.0,2026-01-01T19:41:24.614265
69,24,2024-05-10,106.01,1,15.0,2026-01-01T19:41:24.614265
70,25,2024-01-23,107.74,1,0.0,2026-01-01T19:41:24.614265
71,25,2024-03-23,107.56,4,15.0,2026-01-01T19:41:24.614265
72,25,2024-05-16,103.91,1,20.0,2026-01-01T19:41:24.614265
73,25,2024-06-02,104.49,2,20.0,2026-01-01T19:41:24.614265
74,26,2024-01-24,43.26,1,0.0,2026-01-01T19:41:24.614265
75,27,2024-01-25,119.98,2,0.0,2026-01-01T19:41:24.614265
76,27,2024-02-04,104.27,2,5.0,2026-01-01T19:41:24.614265
77,27,2024-02-18,100.21,2,15.0,2026-01-01T19:41:24.614265
78,28,2024-01-25,97.53,3,0.0,2026-01-01T19:41:24.614265
79,28,2024-02-19,78.6,4,0.0,2026-01-01T19:41:24.614265
80,29,2024-01-25,93.6,3,0.0,2026-01-01T19:41:24.614265
81,30,2024-01-26,43.22,1,0.0,2026-01-01T19:41:24.614265
82,31,2024-01-26,63.95,1,0.0,2026-01-01T19:41:24.614265
83,31,2024-03-12,56.54,3,0.0,2026-01-01T19:41:24.614265
84,31,2024-04-10,67.54,4,0.0,2026-01-01T19:41:24.614265
85,31,2024-04-23,55.78,1,0.0,2026-01-01T19:41:24.614265
86,32,2024-01-26,110.93,4,0.0,2026-01-01T19:41:24.614265
87,32,2024-03-04,77.96,3,20.0,2026-01-01T19:41:24.614265
88,32,2024-04-05,94.26,4,0.0,2026-01-01T19:41:24.614265
89,33,2024-01-26,68.46,1,0.0,2026-01-01T19:41:24.614265
90,33,2024-02-10,57.61,1,5.0,2026-01-01T19:41:24.614265
91,34,2024-01-27,124.7,2,0.0,2026-01-01T19:41:24.614265
92,34,2024-02-21,89.3,4,5.0,2026-01-01T19:41:24.614265
93,34,2024-03-11,134.59,3,15.0,2026-01-01T19:41:24.614265
94,35,2024-01-27,97.13,4,0.0,2026-01-01T19:41:24.614265
95,35,2024-03-05,99.07,2,15.0,2026-01-01T19:41:24.614265
96,36,2024-01-30,78.52,4,0.0,2026-01-01T19:41:24.614265
97,37,2024-01-30,74.5,2,0.0,2026-01-01T19:41:24.614265
98,37,2024-02-12,75.77,2,0.0,2026-01-01T19:41:24.614265
99,37,2024-02-19,75.02,1,0.0,2026-01-01T19:41:24.614265
100,37,2024-04-04,74.13,4,5.0,2026-01-01T19:41:24.614265
101,38,2024-01-30,72.14,3,0.0,2026-01-01T19:41:24.614265
102,38,2024-03-25,62.88,2,10.0,2026-01-01T19:41:24.614265
103,38,2024-04-18,72.62,3,20.0,2026-01-01T19:41:24.614265
104,39,2024-01-30,63.92,4,0.0,2026-01-01T19:41:24.614265
105,39,2024-03-22,64.76,2,0.0,2026-01-01T19:41:24.614265
106,39,2024-05-05,60.82,2,0.0,2026-01-01T19:41:24.614265
107,40,2024-01-31,82.17,2,0.0,2026-01-01T19:41:24.614265
108,40,2024-02-24,90.07,4,0.0,2026-01-01T19:41:24.614265
109,41,2024-02-01,100.06,5,0.0,2026-01-01T19:41:24.614265
110,41,2024-02-11,85.27,3,10.0,2026-01-01T19:41:24.614265
111,42,2024-02-01,112.57,2,0.0,2026-01-01T19:41:24.614265
112,42,2024-03-09,81.56,1,5.0,2026-01-01T19:41:24.614265
113,42,2024-04-02,95.17,4,0.0,2026-01-01T19:41:24.614265
114,42,2024-04-12,86.98,1,0.0,2026-01-01T19:41:24.614265
115,43,2024-02-01,76.26,2,0.0,2026-01-01T19:41:24.614265
116,43,2024-02-25,81.09,4,0.0,2026-01-01T19:41:24.614265
117,43,2024-04-03,64.47,1,0.0,2026-01-01T19:41:24.614265
118,43,2024-04-10,74.22,2,20.0,2026-01-01T19:41:24.614265
119,44,2024-02-01,51.2,3,0.0,2026-01-01T19:41:24.614265
120,44,2024-03-28,47.9,3,10.0,2026-01-01T19:41:24.614265
121,44,2024-04-21,40.14,1,5.0,2026-01-01T19:41:24.614265
122,45,2024-02-02,85.98,2,0.0,2026-01-01T19:41:24.614265
123,46,2024-02-04,98.8,1,0.0,2026-01-01T19:41:24.614265
124,47,2024-02-04,114.18,2,0.0,2026-01-01T19:41:24.614265
125,47,2024-03-10,122.2,3,0.0,2026-01-01T19:41:24.614265
126,47,2024-04-16,125.13,2,0.0,2026-01-01T19:41:24.614265
127,47,2024-05-05,99.03,3,15.0,2026-01-01T19:41:24.614265
128,47,2024-06-03,120.8,1,5.0,2026-01-01T19:41:24.614265
129,48,2024-02-05,74.31,1,0.0,2026-01-01T19:41:24.614265
130,48,2024-03-16,79.7,1,10.0,2026-01-01T19:41:24.614265
131,48,2024-04-09,72.73,3,0.0,2026-01-01T19:41:24.614265
132,48,2024-05-22,53.82,2,15.0,2026-01-01T19:41:24.614265
133,49,2024-02-05,97.52,4,0.0,2026-01-01T19:41:24.614265
134,49,2024-03-31,88.13,4,10.0,2026-01-01T19:41:24.614265
135,50,2024-02-06,94.27,5,0.0,2026-01-01T19:41:24.614265
136,50,2024-02-24,66.12,2,10.0,2026-01-01T19:41:24.614265
137,50,2024-04-21,85.33,3,10.0,2026-01-01T19:41:24.614265
138,50,2024-05-12,77.16,1,0.0,2026-01-01T19:41:24.614265
139,51,2024-02-07,67.87,2,0.0,2026-01-01T19:41:24.614265
140,51,2024-02-29,55.43,2,15.0,2026-01-01T19:41:24.614265
141,52,2024-02-07,51.69,2,0.0,2026-01-01T19:41:24.614265
142,52,2024-04-04,37.25,2,0.0,2026-01-01T19:41:24.614265
143,52,2024-05-03,49.26,3,0.0,2026-01-01T19:41:24.614265
144,53,2024-02-08,47.93,5,0.0,2026-01-01T19:41:24.614265
145,54,2024-02-08,126.51,2,0.0,2026-01-01T19:41:24.614265
146,54,2024-03-25,103.48,1,0.0,2026-01-01T19:41:24.614265
147,54,2024-04-18,97.5,1,0.0,2026-01-01T19:41:24.614265
148,55,2024-02-09,96.95,3,0.0,2026-01-01T19:41:24.614265
149,56,2024-02-10,115.73,3,0.0,2026-01-01T19:41:24.614265
150,56,2024-03-25,110.17,4,20.0,2026-01-01T19:41:24.614265
151,56,2024-04-15,114.8,3,5.0,2026-01-01T19:41:24.614265
152,56,2024-05-22,85.35,4,0.0,2026-01-01T19:41:24.614265
153,57,2024-02-10,64.7,2,0.0,2026-01-01T19:41:24.614265
154,57,2024-03-19,69.7,3,0.0,2026-01-01T19:41:24.614265
155,57,2024-04-05,68.2,4,20.0,2026-01-01T19:41:24.614265
156,58,2024-02-10,102.94,5,0.0,2026-01-01T19:41:24.614265
157,58,2024-02-26,75.02,4,0.0,2026-01-01T19:41:24.614265
158,58,2024-04-06,77.71,1,20.0,2026-01-01T19:41:24.614265
159,58,2024-05-07,87.87,1,0.0,2026-01-01T19:41:24.614265
160,58,2024-05-16,77.5,1,20.0,2026-01-01T19:41:24.614265
161,59,2024-02-10,118.35,2,0.0,2026-01-01T19:41:24.614265
162,59,2024-04-07,128.59,1,20.0,2026-01-01T19:41:24.614265
163,59,2024-06-05,98.86,1,15.0,2026-01-01T19:41:24.614265
164,59,2024-07-12,118.81,2,5.0,2026-01-01T19:41:24.614265
165,60,2024-02-11,67.9,3,0.0,2026-01-01T19:41:24.614265
166,60,2024-03-04,49.05,3,15.0,2026-01-01T19:41:24.614265
167,60,2024-05-02,48.74,3,10.0,2026-01-01T19:41:24.614265
168,61,2024-02-12,55.24,5,0.0,2026-01-01T19:41:24.614265
169,62,2024-02-13,107.57,2,0.0,2026-01-01T19:41:24.614265
170,62,2024-03-05,76.33,4,5.0,2026-01-01T19:41:24.614265
171,62,2024-04-22,87.64,4,15.0,2026-01-01T19:41:24.614265
172,62,2024-06-13,110.7,4,0.0,2026-01-01T19:41:24.614265
173,62,2024-06-27,84.96,3,0.0,2026-01-01T19:41:24.614265
174,62,2024-07-25,80.39,1,0.0,2026-01-01T19:41:24.614265
175,63,2024-02-14,118.97,2,0.0,2026-01-01T19:41:24.614265
176,63,2024-03-25,99.21,4,0.0,2026-01-01T19:41:24.614265
177,63,2024-05-13,115.98,3,10.0,2026-01-01T19:41:24.614265
178,63,2024-05-26,96.18,3,5.0,2026-01-01T19:41:24.614265
179,64,2024-02-15,110.96,1,0.0,2026-01-01T19:41:24.614265
180,65,2024-02-16,110.7,2,0.0,2026-01-01T19:41:24.614265
181,65,2024-03-18,97.27,4,20.0,2026-01-01T19:41:24.614265
182,65,2024-04-21,119.98,2,0.0,2026-01-01T19:41:24.614265
183,65,2024-05-06,85.54,3,5.0,2026-01-01T19:41:24.614265
184,65,2024-06-09,98.8,3,5.0,2026-01-01T19:41:24.614265
185,65,2024-07-27,118.3,4,5.0,2026-01-01T19:41:24.614265
186,65,2024-09-06,101.13,2,10.0,2026-01-01T19:41:24.614265
187,65,2024-10-20,109.15,2,10.0,2026-01-01T19:41:24.614265
188,66,2024-02-17,93.5,2,0.0,2026-01-01T19:41:24.614265
189,66,2024-03-08,102.62,3,0.0,2026-01-01T19:41:24.614265
190,67,2024-02-17,98.65,2,0.0,2026-01-01T19:41:24.614265
191,67,2024-03-17,83.29,2,20.0,2026-01-01T19:41:24.614265
192,67,2024-04-02,102.01,4,10.0,2026-01-01T19:41:24.614265
193,67,2024-05-31,77.92,2,15.0,2026-01-01T19:41:24.614265
194,68,2024-02-17,100.36,2,0.0,2026-01-01T19:41:24.614265
195,68,2024-02-25,98.2,3,5.0,2026-01-01T19:41:24.614265
196,68,2024-03-09,96.86,4,0.0,2026-01-01T19:41:24.614265
197,69,2024-02-18,103.81,5,0.0,2026-01-01T19:41:24.614265
198,69,2024-03-19,78.53,1,0.0,2026-01-01T19:41:24.614265
199,69,2024-05-18,106.46,2,0.0,2026-01-01T19:41:24.614265
200,69,2024-06-02,103.73,3,15.0,2026-01-01T19:41:24.614265
201,69,2024-07-25,86.67,1,20.0,2026-01-01T19:41:24.614265
202,69,2024-08-10,75.16,1,15.0,2026-01-01T19:41:24.614265
203,69,2024-08-28,93.57,4,0.0,2026-01-01T19:41:24.614265
204,70,2024-02-19,98.21,5,0.0,2026-01-01T19:41:24.614265
205,70,2024-04-02,88.46,2,15.0,2026-01-01T19:41:24.614265
206,70,2024-04-19,79.43,4,0.0,2026-01-01T19:41:24.614265
207,71,2024-02-20,127.28,2,0.0,2026-01-01T19:41:24.614265
208,71,2024-03-01,100.24,1,0.0,2026-01-01T19:41:24.614265
209,71,2024-03-28,122.33,4,5.0,2026-01-01T19:41:24.614265
210,72,2024-02-20,64.55,1,0.0,2026-01-01T19:41:24.614265
211,73,2024-02-20,78.08,3,0.0,2026-01-01T19:41:24.614265
212,73,2024-03-02,65.98,3,20.0,2026-01-01T19:41:24.614265
213,73,2024-03-27,59.74,1,0.0,2026-01-01T19:41:24.614265
214,74,2024-02-20,75.5,5,0.0,2026-01-01T19:41:24.614265
215,74,2024-03-17,58.52,1,0.0,2026-01-01T19:41:24.614265
216,74,2024-03-29,82.35,1,10.0,2026-01-01T19:41:24.614265
217,75,2024-02-20,45.5,4,0.0,2026-01-01T19:41:24.614265
218,75,2024-03-18,33.55,1,0.0,2026-01-01T19:41:24.614265
219,76,2024-02-21,102.69,3,0.0,2026-01-01T19:41:24.614265
220,76,2024-03-19,102.77,3,15.0,2026-01-01T19:41:24.614265
221,76,2024-04-21,108.71,1,10.0,2026-01-01T19:41:24.614265
222,76,2024-06-16,78.05,4,10.0,2026-01-01T19:41:24.614265
223,76,2024-06-25,83.8,4,0.0,2026-01-01T19:41:24.614265
224,76,2024-08-11,75.72,2,15.0,2026-01-01T19:41:24.614265
225,77,2024-02-21,91.12,2,0.0,2026-01-01T19:41:24.614265
226,77,2024-03-31,82.6,3,15.0,2026-01-01T19:41:24.614265
227,78,2024-02-22,58.64,2,0.0,2026-01-01T19:41:24.614265
228,78,2024-03-23,55.67,1,5.0,2026-01-01T19:41:24.614265
229,78,2024-04-12,64.43,1,10.0,2026-01-01T19:41:24.614265
230,79,2024-02-22,104.26,5,0.0,2026-01-01T19:41:24.614265
231,79,2024-03-31,77.04,2,0.0,2026-01-01T19:41:24.614265
232,79,2024-05-28,105.57,4,0.0,2026-01-01T19:41:24.614265
233,80,2024-02-22,61.4,4,0.0,2026-01-01T19:41:24.614265
234,80,2024-03-18,46.95,3,0.0,2026-01-01T19:41:24.614265
235,81,2024-02-22,87.94,1,0.0,2026-01-01T19:41:24.614265
236,81,2024-04-14,88.71,4,0.0,2026-01-01T19:41:24.614265
237,82,2024-02-23,109.22,2,0.0,2026-01-01T19:41:24.614265
238,82,2024-03-24,113.98,4,5.0,2026-01-01T19:41:24.614265
239,83,2024-02-24,119.55,4,0.0,2026-01-01T19:41:24.614265
240,83,2024-04-10,129.21,1,0.0,2026-01-01T19:41:24.614265
241,83,2024-05-19,105.21,1,15.0,2026-01-01T19:41:24.614265
242,83,2024-07-06,86.41,2,20.0,2026-01-01T19:41:24.614265
243,84,2024-02-25,99.61,2,0.0,2026-01-01T19:41:24.614265
244,85,2024-02-25,85.62,4,0.0,2026-01-01T19:41:24.614265
245,85,2024-03-28,89.18,4,0.0,2026-01-01T19:41:24.614265
246,86,2024-02-26,114.36,4,0.0,2026-01-01T19:41:24.614265
247,86,2024-04-07,121.23,1,5.0,2026-01-01T19:41:24.614265
248,86,2024-05-30,85.01,4,5.0,2026-01-01T19:41:24.614265
249,86,2024-06-27,83.0,4,0.0,2026-01-01T19:41:24.614265
250,86,2024-08-20,101.84,4,0.0,2026-01-01T19:41:24.614265
251,87,2024-02-26,113.95,5,0.0,2026-01-01T19:41:24.614265
252,87,2024-04-03,86.4,3,0.0,2026-01-01T19:41:24.614265
253,87,2024-05-18,115.05,3,0.0,2026-01-01T19:41:24.614265
254,88,2024-02-26,117.0,4,0.0,2026-01-01T19:41:24.614265
255,88,2024-03-17,122.52,4,20.0,2026-01-01T19:41:24.614265
256,88,2024-05-03,90.14,1,0.0,2026-01-01T19:41:24.614265
257,88,2024-05-15,95.86,4,15.0,2026-01-01T19:41:24.614265
258,88,2024-07-03,123.7,1,0.0,2026-01-01T19:41:24.614265
259,88,2024-08-06,97.91,3,20.0,2026-01-01T19:41:24.614265
260,88,2024-09-04,125.98,4,5.0,2026-01-01T19:41:24.614265
261,89,2024-02-26,57.9,4,0.0,2026-01-01T19:41:24.614265
262,89,2024-04-17,53.74,1,20.0,2026-01-01T19:41:24.614265
263,90,2024-02-26,50.8,1,0.0,2026-01-01T19:41:24.614265
264,91,2024-02-27,53.38,3,0.0,2026-01-01T19:41:24.614265
265,92,2024-02-27,64.49,1,0.0,2026-01-01T19:41:24.614265
266,92,2024-04-03,69.23,3,5.0,2026-01-01T19:41:24.614265
267,92,2024-05-23,55.63,1,10.0,2026-01-01T19:41:24.614265
268,93,2024-02-28,111.21,2,0.0,2026-01-01T19:41:24.614265
269,93,2024-04-15,120.97,1,0.0,2026-01-01T19:41:24.614265
270,93,2024-05-04,96.54,2,10.0,2026-01-01T19:41:24.614265
271,93,2024-05-24,93.33,1,0.0,2026-01-01T19:41:24.614265
272,93,2024-06-23,78.57,1,0.0,2026-01-01T19:41:24.614265
273,93,2024-08-10,122.29,4,5.0,2026-01-01T19:41:24.614265
274,93,2024-10-09,101.98,3,10.0,2026-01-01T19:41:24.614265
275,93,2024-10-27,98.26,2,0.0,2026-01-01T19:41:24.614265
276,93,2024-11-13,101.99,3,5.0,2026-01-01T19:41:24.614265
277,94,2024-02-28,107.35,4,0.0,2026-01-01T19:41:24.614265
278,94,2024-04-19,101.78,1,20.0,2026-01-01T19:41:24.614265
279,94,2024-06-06,75.85,1,5.0,2026-01-01T19:41:24.614265
280,94,2024-07-31,101.93,1,10.0,2026-01-01T19:41:24.614265
281,94,2024-09-08,100.1,3,0.0,2026-01-01T19:41:24.614265
282,94,2024-11-03,94.67,1,5.0,2026-01-01T19:41:24.614265
283,95,2024-02-28,58.06,4,0.0,2026-01-01T19:41:24.614265
284,95,2024-04-25,61.87,4,5.0,2026-01-01T19:41:24.614265
285,96,2024-02-28,100.28,3,0.0,2026-01-01T19:41:24.614265
286,96,2024-03-23,105.48,3,0.0,2026-01-01T19:41:24.614265
287,97,2024-02-29,71.03,2,0.0,2026-01-01T19:41:24.614265
288,97,2024-04-02,50.65,2,0.0,2026-01-01T19:41:24.614265
289,98,2024-03-01,50.09,3,0.0,2026-01-01T19:41:24.614265
290,98,2024-04-13,54.96,4,0.0,2026-01-01T19:41:24.614265
291,98,2024-05-31,42.94,4,0.0,2026-01-01T19:41:24.614265
292,98,2024-07-17,42.89,2,15.0,2026-01-01T19:41:24.614265
293,99,2024-03-01,72.7,3,0.0,2026-01-01T19:41:24.614265
294,99,2024-03-14,71.54,1,0.0,2026-01-01T19:41:24.614265
295,100,2024-03-02,105.76,3,0.0,2026-01-01T19:41:24.614265
296,100,2024-03-29,82.65,1,0.0,2026-01-01T19:41:24.614265
297,100,2024-05-15,106.61,1,0.0,2026-01-01T19:41:24.614265
298,100,2024-06-25,112.98,4,0.0,2026-01-01T19:41:24.614265
299,100,2024-08-17,79.55,3,5.0,2026-01-01T19:41:24.614265
300,100,2024-10-04,112.02,2,0.0,2026-01-01T19:41:24.614265
301,100,2024-10-26,104.76,4,20.0,2026-01-01T19:41:24.614265
302,101,2024-03-03,68.6,3,0.0,2026-01-01T19:41:24.614265
303,101,2024-03-19,65.24,1,15.0,2026-01-01T19:41:24.614265
304,102,2024-03-04,109.49,4,0.0,2026-01-01T19:41:24.614265
305,102,2024-03-20,89.01,1,0.0,2026-01-01T19:41:24.614265
306,103,2024-03-04,70.66,4,0.0,2026-01-01T19:41:24.614265
307,104,2024-03-05,64.65,4,0.0,2026-01-01T19:41:24.614265
308,104,2024-05-01,45.82,4,0.0,2026-01-01T19:41:24.614265
309,105,2024-03-05,67.49,2,0.0,2026-01-01T19:41:24.614265
310,106,2024-03-05,114.85,3,0.0,2026-01-01T19:41:24.614265
311,106,2024-04-09,117.54,3,0.0,2026-01-01T19:41:24.614265
312,106,2024-04-27,110.7,1,15.0,2026-01-01T19:41:24.614265
313,106,2024-05-25,126.05,1,5.0,2026-01-01T19:41:24.614265
314,106,2024-07-18,92.09,2,0.0,2026-01-01T19:41:24.614265
315,106,2024-08-28,81.45,2,10.0,2026-01-01T19:41:24.614265
316,107,2024-03-05,82.5,3,0.0,2026-01-01T19:41:24.614265
317,107,2024-03-25,58.72,2,0.0,2026-01-01T19:41:24.614265
318,107,2024-05-15,88.76,3,0.0,2026-01-01T19:41:24.614265
319,108,2024-03-05,116.14,2,0.0,2026-01-01T19:41:24.614265
320,108,2024-04-16,111.58,4,5.0,2026-01-01T19:41:24.614265
321,108,2024-05-18,124.15,2,0.0,2026-01-01T19:41:24.614265
322,108,2024-07-09,94.36,1,5.0,2026-01-01T19:41:24.614265
323,108,2024-09-03,108.59,2,0.0,2026-01-01T19:41:24.614265
324,109,2024-03-06,92.1,4,0.0,2026-01-01T19:41:24.614265
325,109,2024-04-29,74.48,1,0.0,2026-01-01T19:41:24.614265
326,109,2024-06-11,77.47,1,15.0,2026-01-01T19:41:24.614265
327,110,2024-03-06,122.77,2,0.0,2026-01-01T19:41:24.614265
328,110,2024-04-08,100.35,3,20.0,2026-01-01T19:41:24.614265
329,110,2024-04-22,94.77,4,0.0,2026-01-01T19:41:24.614265
330,111,2024-03-06,48.55,2,0.0,2026-01-01T19:41:24.614265
331,111,2024-04-24,41.2,3,0.0,2026-01-01T19:41:24.614265
332,112,2024-03-06,118.1,1,0.0,2026-01-01T19:41:24.614265
333,112,2024-03-13,116.53,4,0.0,2026-01-01T19:41:24.614265
334,112,2024-04-09,125.13,1,10.0,2026-01-01T19:41:24.614265
335,113,2024-03-06,85.04,3,0.0,2026-01-01T19:41:24.614265
336,113,2024-03-30,83.89,1,20.0,2026-01-01T19:41:24.614265
337,114,2024-03-07,116.24,4,0.0,2026-01-01T19:41:24.614265
338,114,2024-04-10,96.14,2,0.0,2026-01-01T19:41:24.614265
339,114,2024-06-07,104.33,3,0.0,2026-01-01T19:41:24.614265
340,114,2024-06-21,102.42,3,10.0,2026-01-01T19:41:24.614265
341,114,2024-07-13,108.17,1,0.0,2026-01-01T19:41:24.614265
342,114,2024-08-25,127.3,3,5.0,2026-01-01T19:41:24.614265
343,114,2024-09-26,83.09,1,10.0,2026-01-01T19:41:24.614265
344,114,2024-10-04,84.6,4,0.0,2026-01-01T19:41:24.614265
345,115,2024-03-07,74.94,3,0.0,2026-01-01T19:41:24.614265
346,115,2024-04-05,64.46,3,10.0,2026-01-01T19:41:24.614265
347,115,2024-04-15,64.25,4,15.0,2026-01-01T19:41:24.614265
348,115,2024-06-02,81.45,3,0.0,2026-01-01T19:41:24.614265
349,116,2024-03-07,67.86,1,0.0,2026-01-01T19:41:24.614265
350,116,2024-05-05,47.78,3,0.0,2026-01-01T19:41:24.614265
351,117,2024-03-07,47.1,4,0.0,2026-01-01T19:41:24.614265
352,117,2024-03-19,36.57,3,20.0,2026-01-01T19:41:24.614265
353,118,2024-03-08,115.11,1,0.0,2026-01-01T19:41:24.614265
354,118,2024-05-04,82.56,3,0.0,2026-01-01T19:41:24.614265
355,118,2024-06-01,112.25,4,20.0,2026-01-01T19:41:24.614265
356,118,2024-06-18,123.16,4,10.0,2026-01-01T19:41:24.614265
357,118,2024-07-15,120.26,4,20.0,2026-01-01T19:41:24.614265
358,119,2024-03-08,54.18,1,0.0,2026-01-01T19:41:24.614265
359,119,2024-04-14,52.26,3,0.0,2026-01-01T19:41:24.614265
360,119,2024-04-26,43.64,1,0.0,2026-01-01T19:41:24.614265
361,120,2024-03-09,59.53,5,0.0,2026-01-01T19:41:24.614265
362,120,2024-04-26,59.18,1,0.0,2026-01-01T19:41:24.614265
363,120,2024-06-03,43.11,2,0.0,2026-01-01T19:41:24.614265
364,121,2024-03-10,77.28,4,0.0,2026-01-01T19:41:24.614265
365,121,2024-03-23,64.62,3,20.0,2026-01-01T19:41:24.614265
366,121,2024-04-28,74.35,1,20.0,2026-01-01T19:41:24.614265
367,122,2024-03-11,90.9,3,0.0,2026-01-01T19:41:24.614265
368,122,2024-04-15,95.19,2,10.0,2026-01-01T19:41:24.614265
369,123,2024-03-12,119.56,1,0.0,2026-01-01T19:41:24.614265
370,123,2024-03-29,116.51,1,20.0,2026-01-01T19:41:24.614265
371,123,2024-04-11,119.32,1,0.0,2026-01-01T19:41:24.614265
372,124,2024-03-12,81.39,3,0.0,2026-01-01T19:41:24.614265
373,124,2024-04-30,74.26,3,0.0,2026-01-01T19:41:24.614265
374,124,2024-06-11,59.71,2,5.0,2026-01-01T19:41:24.614265
375,125,2024-03-13,69.39,4,0.0,2026-01-01T19:41:24.614265
376,126,2024-03-13,103.33,4,0.0,2026-01-01T19:41:24.614265
377,126,2024-03-26,74.36,4,5.0,2026-01-01T19:41:24.614265
378,126,2024-04-14,88.98,3,10.0,2026-01-01T19:41:24.614265
379,127,2024-03-13,108.71,5,0.0,2026-01-01T19:41:24.614265
380,127,2024-04-16,80.84,2,0.0,2026-01-01T19:41:24.614265
381,127,2024-04-26,115.02,3,10.0,2026-01-01T19:41:24.614265
382,127,2024-06-06,80.49,4,0.0,2026-01-01T19:41:24.614265
383,127,2024-06-19,85.66,3,20.0,2026-01-01T19:41:24.614265
384,127,2024-07-06,110.26,3,0.0,2026-01-01T19:41:24.614265
385,128,2024-03-13,83.94,1,0.0,2026-01-01T19:41:24.614265
386,128,2024-04-21,89.24,4,10.0,2026-01-01T19:41:24.614265
387,129,2024-03-13,96.14,2,0.0,2026-01-01T19:41:24.614265
388,129,2024-03-24,73.71,4,0.0,2026-01-01T19:41:24.614265
389,129,2024-03-31,92.91,3,5.0,2026-01-01T19:41:24.614265
390,130,2024-03-14,57.53,2,0.0,2026-01-01T19:41:24.614265
391,131,2024-03-14,96.43,2,0.0,2026-01-01T19:41:24.614265
392,132,2024-03-15,42.9,5,0.0,2026-01-01T19:41:24.614265
393,133,2024-03-16,65.75,4,0.0,2026-01-01T19:41:24.614265
394,133,2024-04-07,58.45,1,0.0,2026-01-01T19:41:24.614265
395,134,2024-03-16,107.2,2,0.0,2026-01-01T19:41:24.614265
396,134,2024-04-02,107.41,1,20.0,2026-01-01T19:41:24.614265
397,134,2024-05-30,106.61,4,5.0,2026-01-01T19:41:24.614265
398,135,2024-03-16,56.83,4,0.0,2026-01-01T19:41:24.614265
399,135,2024-04-21,40.09,3,0.0,2026-01-01T19:41:24.614265
400,136,2024-03-17,107.48,5,0.0,2026-01-01T19:41:24.614265
401,136,2024-04-10,104.72,1,15.0,2026-01-01T19:41:24.614265
402,136,2024-05-13,112.05,2,15.0,2026-01-01T19:41:24.614265
403,136,2024-05-21,85.74,4,15.0,2026-01-01T19:41:24.614265
404,136,2024-07-14,79.07,1,5.0,2026-01-01T19:41:24.614265
405,136,2024-08-18,117.68,2,10.0,2026-01-01T19:41:24.614265
406,136,2024-10-07,90.23,4,0.0,2026-01-01T19:41:24.614265
407,137,2024-03-17,84.11,3,0.0,2026-01-01T19:41:24.614265
408,137,2024-03-26,78.37,3,15.0,2026-01-01T19:41:24.614265
409,137,2024-05-22,74.19,3,20.0,2026-01-01T19:41:24.614265
410,137,2024-05-29,75.66,2,15.0,2026-01-01T19:41:24.614265
411,138,2024-03-18,107.4,2,0.0,2026-01-01T19:41:24.614265
412,138,2024-04-12,101.98,2,15.0,2026-01-01T19:41:24.614265
413,138,2024-05-07,77.96,1,0.0,2026-01-01T19:41:24.614265
414,138,2024-05-27,87.34,1,10.0,2026-01-01T19:41:24.614265
415,138,2024-06-22,75.4,1,0.0,2026-01-01T19:41:24.614265
416,138,2024-07-07,90.23,2,0.0,2026-01-01T19:41:24.614265
417,139,2024-03-19,49.98,3,0.0,2026-01-01T19:41:24.614265
418,140,2024-03-19,94.73,2,0.0,2026-01-01T19:41:24.614265
419,140,2024-03-31,77.33,4,0.0,2026-01-01T19:41:24.614265
420,141,2024-03-20,96.35,4,0.0,2026-01-01T19:41:24.614265
421,141,2024-04-02,101.86,3,0.0,2026-01-01T19:41:24.614265
422,141,2024-05-06,93.61,2,0.0,2026-01-01T19:41:24.614265
423,142,2024-03-21,76.79,3,0.0,2026-01-01T19:41:24.614265
424,142,2024-05-02,59.88,1,0.0,2026-01-01T19:41:24.614265
425,142,2024-06-18,67.92,4,0.0,2026-01-01T19:41:24.614265
426,143,2024-03-22,124.55,4,0.0,2026-01-01T19:41:24.614265
427,143,2024-05-01,109.2,3,0.0,2026-01-01T19:41:24.614265
428,143,2024-06-04,110.43,4,5.0,2026-01-01T19:41:24.614265
429,143,2024-07-16,88.5,4,20.0,2026-01-01T19:41:24.614265
430,143,2024-07-31,117.83,2,0.0,2026-01-01T19:41:24.614265
431,143,2024-08-30,93.53,3,10.0,2026-01-01T19:41:24.614265
432,143,2024-10-01,93.46,1,15.0,2026-01-01T19:41:24.614265
433,143,2024-11-25,130.77,1,5.0,2026-01-01T19:41:24.614265
434,143,2024-12-19,128.53,1,15.0,2026-01-01T19:41:24.614265
435,144,2024-03-22,75.08,5,0.0,2026-01-01T19:41:24.614265
436,144,2024-04-16,69.54,3,15.0,2026-01-01T19:41:24.614265
437,144,2024-05-30,72.81,1,15.0,2026-01-01T19:41:24.614265
438,145,2024-03-22,45.71,2,0.0,2026-01-01T19:41:24.614265
439,146,2024-03-23,59.45,2,0.0,2026-01-01T19:41:24.614265
440,146,2024-05-12,56.83,3,0.0,2026-01-01T19:41:24.614265
441,147,2024-03-24,74.21,5,0.0,2026-01-01T19:41:24.614265
442,147,2024-03-31,56.49,1,0.0,2026-01-01T19:41:24.614265
443,147,2024-04-13,66.01,4,20.0,2026-01-01T19:41:24.614265
444,147,2024-04-27,60.85,2,5.0,2026-01-01T19:41:24.614265
445,148,2024-03-24,43.7,5,0.0,2026-01-01T19:41:24.614265
446,149,2024-03-24,69.89,5,0.0,2026-01-01T19:41:24.614265
447,150,2024-03-25,113.32,2,0.0,2026-01-01T19:41:24.614265
448,150,2024-04-12,85.75,2,15.0,2026-01-01T19:41:24.614265
449,150,2024-06-05,111.04,4,0.0,2026-01-01T19:41:24.614265
450,150,2024-06-30,109.58,4,10.0,2026-01-01T19:41:24.614265
451,150,2024-07-24,97.06,1,15.0,2026-01-01T19:41:24.614265
452,150,2024-09-21,98.58,3,0.0,2026-01-01T19:41:24.614265
453,151,2024-03-25,58.7,1,0.0,2026-01-01T19:41:24.614265
454,151,2024-04-20,41.89,4,15.0,2026-01-01T19:41:24.614265
455,151,2024-05-19,63.7,4,5.0,2026-01-01T19:41:24.614265
456,151,2024-06-05,49.49,2,20.0,2026-01-01T19:41:24.614265
457,152,2024-03-25,100.02,5,0.0,2026-01-01T19:41:24.614265
458,152,2024-04-05,77.0,3,0.0,2026-01-01T19:41:24.614265
459,152,2024-05-18,83.59,2,15.0,2026-01-01T19:41:24.614265
460,152,2024-07-12,96.36,1,5.0,2026-01-01T19:41:24.614265
461,153,2024-03-26,95.77,4,0.0,2026-01-01T19:41:24.614265
462,153,2024-05-17,102.57,3,20.0,2026-01-01T19:41:24.614265
463,153,2024-06-13,89.6,3,10.0,2026-01-01T19:41:24.614265
464,154,2024-03-26,63.65,1,0.0,2026-01-01T19:41:24.614265
465,154,2024-05-18,48.61,1,0.0,2026-01-01T19:41:24.614265
466,154,2024-07-07,56.68,2,20.0,2026-01-01T19:41:24.614265
467,155,2024-03-27,101.45,2,0.0,2026-01-01T19:41:24.614265
468,155,2024-04-14,100.56,4,5.0,2026-01-01T19:41:24.614265
469,155,2024-05-07,75.66,1,20.0,2026-01-01T19:41:24.614265
470,155,2024-06-06,95.63,1,20.0,2026-01-01T19:41:24.614265
471,155,2024-07-27,89.26,2,0.0,2026-01-01T19:41:24.614265
472,155,2024-09-03,88.77,2,0.0,2026-01-01T19:41:24.614265
473,156,2024-03-27,71.77,2,0.0,2026-01-01T19:41:24.614265
474,156,2024-05-06,73.45,1,0.0,2026-01-01T19:41:24.614265
475,157,2024-03-28,53.46,2,0.0,2026-01-01T19:41:24.614265
476,157,2024-04-12,56.52,4,0.0,2026-01-01T19:41:24.614265
477,158,2024-03-29,75.1,3,0.0,2026-01-01T19:41:24.614265
478,158,2024-05-21,81.34,4,15.0,2026-01-01T19:41:24.614265
479,159,2024-03-30,92.54,2,0.0,2026-01-01T19:41:24.614265
480,159,2024-04-28,77.97,2,10.0,2026-01-01T19:41:24.614265
481,160,2024-03-30,56.7,4,0.0,2026-01-01T19:41:24.614265
482,160,2024-04-30,59.51,1,10.0,2026-01-01T19:41:24.614265
483,161,2024-02-22,86.05,5,0.0,2026-01-01T19:41:24.614265
484,161,2024-03-07,77.4,3,0.0,2026-01-01T19:41:24.614265
485,161,2024-05-05,92.61,3,20.0,2026-01-01T19:41:24.614265
486,162,2024-02-22,51.88,3,0.0,2026-01-01T19:41:24.614265
487,162,2024-03-10,56.41,2,0.0,2026-01-01T19:41:24.614265
488,163,2024-02-22,51.4,5,0.0,2026-01-01T19:41:24.614265
489,163,2024-04-13,54.32,4,10.0,2026-01-01T19:41:24.614265
490,164,2024-02-23,79.81,3,0.0,2026-01-01T19:41:24.614265
491,164,2024-03-13,66.55,1,20.0,2026-01-01T19:41:24.614265
492,165,2024-02-23,71.26,2,0.0,2026-01-01T19:41:24.614265
493,166,2024-02-24,54.46,2,0.0,2026-01-01T19:41:24.614265
494,166,2024-04-22,58.77,1,10.0,2026-01-01T19:41:24.614265
495,167,2024-02-24,90.22,1,0.0,2026-01-01T19:41:24.614265
496,168,2024-02-24,97.21,5,0.0,2026-01-01T19:41:24.614265
497,168,2024-03-10,78.57,1,0.0,2026-01-01T19:41:24.614265
498,169,2024-02-24,54.78,4,0.0,2026-01-01T19:41:24.614265
499,170,2024-02-24,91.09,4,0.0,2026-01-01T19:41:24.614265
500,170,2024-04-21,94.73,1,0.0,2026-01-01T19:41:24.614265
501,170,2024-06-17,93.33,4,10.0,2026-01-01T19:41:24.729516
502,171,2024-02-24,55.85,5,0.0,2026-01-01T19:41:24.729516
503,171,2024-03-26,56.2,2,15.0,2026-01-01T19:41:24.729516
504,172,2024-02-24,44.75,4,0.0,2026-01-01T19:41:24.729516
505,173,2024-02-24,94.13,4,0.0,2026-01-01T19:41:24.729516
506,173,2024-04-10,102.89,3,0.0,2026-01-01T19:41:24.729516
507,174,2024-02-25,92.18,3,0.0,2026-01-01T19:41:24.729516
508,174,2024-03-06,73.31,1,0.0,2026-01-01T19:41:24.729516
509,174,2024-04-29,92.27,1,20.0,2026-01-01T19:41:24.729516
510,175,2024-02-26,58.72,2,0.0,2026-01-01T19:41:24.729516
511,176,2024-02-26,47.35,1,0.0,2026-01-01T19:41:24.729516
512,177,2024-02-26,79.77,4,0.0,2026-01-01T19:41:24.729516
513,177,2024-03-06,65.86,2,10.0,2026-01-01T19:41:24.729516
514,178,2024-02-27,41.03,5,0.0,2026-01-01T19:41:24.729516
515,179,2024-02-27,80.21,4,0.0,2026-01-01T19:41:24.729516
516,179,2024-04-08,62.75,3,15.0,2026-01-01T19:41:24.729516
517,180,2024-02-27,70.83,4,0.0,2026-01-01T19:41:24.729516
518,181,2024-02-27,43.48,3,0.0,2026-01-01T19:41:24.729516
519,181,2024-03-22,35.98,1,10.0,2026-01-01T19:41:24.729516
520,182,2024-02-27,56.33,3,0.0,2026-01-01T19:41:24.729516
521,183,2024-02-27,74.79,3,0.0,2026-01-01T19:41:24.729516
522,183,2024-03-13,77.53,2,10.0,2026-01-01T19:41:24.729516
523,183,2024-04-24,58.66,2,0.0,2026-01-01T19:41:24.729516
524,183,2024-05-16,73.24,4,15.0,2026-01-01T19:41:24.729516
525,184,2024-02-27,34.93,4,0.0,2026-01-01T19:41:24.729516
526,185,2024-02-27,89.48,3,0.0,2026-01-01T19:41:24.729516
527,185,2024-03-29,73.39,1,0.0,2026-01-01T19:41:24.729516
528,186,2024-02-27,49.13,5,0.0,2026-01-01T19:41:24.729516
529,187,2024-02-28,67.26,4,0.0,2026-01-01T19:41:24.729516
530,187,2024-03-08,53.12,2,5.0,2026-01-01T19:41:24.729516
531,188,2024-02-28,35.66,4,0.0,2026-01-01T19:41:24.729516
532,189,2024-02-28,97.15,5,0.0,2026-01-01T19:41:24.729516
533,190,2024-02-28,75.53,5,0.0,2026-01-01T19:41:24.729516
534,191,2024-02-29,74.98,3,0.0,2026-01-01T19:41:24.729516
535,192,2024-02-29,33.78,5,0.0,2026-01-01T19:41:24.729516
536,193,2024-02-29,77.33,1,0.0,2026-01-01T19:41:24.729516
537,194,2024-02-29,59.59,5,0.0,2026-01-01T19:41:24.729516
538,194,2024-04-12,58.86,3,20.0,2026-01-01T19:41:24.729516
539,194,2024-05-13,52.85,2,0.0,2026-01-01T19:41:24.729516
540,195,2024-02-29,57.22,3,0.0,2026-01-01T19:41:24.729516
541,195,2024-03-22,57.71,3,0.0,2026-01-01T19:41:24.729516
542,195,2024-04-15,48.33,3,15.0,2026-01-01T19:41:24.729516
543,196,2024-02-29,68.07,1,0.0,2026-01-01T19:41:24.729516
544,196,2024-04-18,56.39,2,0.0,2026-01-01T19:41:24.729516
545,197,2024-02-29,63.34,4,0.0,2026-01-01T19:41:24.729516
546,197,2024-03-07,56.16,4,0.0,2026-01-01T19:41:24.729516
547,197,2024-04-20,68.12,3,0.0,2026-01-01T19:41:24.729516
548,198,2024-02-29,42.45,4,0.0,2026-01-01T19:41:24.729516
549,199,2024-02-29,77.69,3,0.0,2026-01-01T19:41:24.729516
550,199,2024-04-07,58.34,2,15.0,2026-01-01T19:41:24.729516
551,200,2024-03-01,73.47,5,0.0,2026-01-01T19:41:24.729516
552,200,2024-04-18,52.56,4,15.0,2026-01-01T19:41:24.729516
553,201,2024-03-01,52.07,1,0.0,2026-01-01T19:41:24.729516
554,201,2024-04-22,57.11,1,0.0,2026-01-01T19:41:24.729516
555,202,2024-03-01,75.51,5,0.0,2026-01-01T19:41:24.729516
556,202,2024-03-12,68.17,1,0.0,2026-01-01T19:41:24.729516
557,203,2024-03-01,75.56,2,0.0,2026-01-01T19:41:24.729516
558,203,2024-03-31,77.95,4,15.0,2026-01-01T19:41:24.729516
559,203,2024-05-04,79.36,1,0.0,2026-01-01T19:41:24.729516
560,204,2024-03-01,50.05,5,0.0,2026-01-01T19:41:24.729516
561,204,2024-04-03,53.0,4,0.0,2026-01-01T19:41:24.729516
562,205,2024-03-01,71.87,5,0.0,2026-01-01T19:41:24.729516
563,205,2024-03-31,51.59,1,0.0,2026-01-01T19:41:24.729516
564,205,2024-04-20,73.54,3,10.0,2026-01-01T19:41:24.729516
565,206,2024-03-02,41.42,5,0.0,2026-01-01T19:41:24.729516
566,206,2024-04-24,31.48,1,20.0,2026-01-01T19:41:24.729516
567,207,2024-03-02,86.49,2,0.0,2026-01-01T19:41:24.729516
568,208,2024-03-02,39.32,5,0.0,2026-01-01T19:41:24.729516
569,209,2024-03-02,79.22,5,0.0,2026-01-01T19:41:24.729516
570,210,2024-03-03,40.15,4,0.0,2026-01-01T19:41:24.729516
571,211,2024-03-03,39.91,3,0.0,2026-01-01T19:41:24.729516
572,211,2024-04-15,32.62,3,0.0,2026-01-01T19:41:24.729516
573,212,2024-03-03,39.41,3,0.0,2026-01-01T19:41:24.729516
574,213,2024-03-03,45.41,4,0.0,2026-01-01T19:41:24.729516
575,214,2024-03-03,45.48,1,0.0,2026-01-01T19:41:24.729516
576,215,2024-03-03,49.59,4,0.0,2026-01-01T19:41:24.729516
577,216,2024-03-04,66.5,5,0.0,2026-01-01T19:41:24.729516
578,217,2024-03-04,45.61,2,0.0,2026-01-01T19:41:24.729516
579,218,2024-03-04,78.22,5,0.0,2026-01-01T19:41:24.729516
580,218,2024-04-06,75.85,2,15.0,2026-01-01T19:41:24.729516
581,219,2024-03-04,51.7,3,0.0,2026-01-01T19:41:24.729516
582,219,2024-03-16,44.64,2,10.0,2026-01-01T19:41:24.729516
583,220,2024-03-04,35.06,2,0.0,2026-01-01T19:41:24.729516
584,221,2024-03-04,64.76,1,0.0,2026-01-01T19:41:24.729516
585,221,2024-04-06,52.15,4,10.0,2026-01-01T19:41:24.729516
586,221,2024-04-15,66.93,2,0.0,2026-01-01T19:41:24.729516
587,222,2024-03-04,46.0,5,0.0,2026-01-01T19:41:24.729516
588,223,2024-03-05,93.15,4,0.0,2026-01-01T19:41:24.729516
589,223,2024-04-06,91.17,3,0.0,2026-01-01T19:41:24.729516
590,223,2024-06-04,98.68,1,10.0,2026-01-01T19:41:24.729516
591,223,2024-07-28,99.51,4,5.0,2026-01-01T19:41:24.729516
592,224,2024-03-05,53.99,4,0.0,2026-01-01T19:41:24.729516
593,224,2024-04-11,52.91,2,15.0,2026-01-01T19:41:24.729516
594,225,2024-03-06,32.68,1,0.0,2026-01-01T19:41:24.729516
595,225,2024-03-13,30.63,4,0.0,2026-01-01T19:41:24.729516
596,226,2024-03-06,76.16,2,0.0,2026-01-01T19:41:24.729516
597,226,2024-04-01,68.34,4,0.0,2026-01-01T19:41:24.729516
598,227,2024-03-07,91.45,3,0.0,2026-01-01T19:41:24.729516
599,227,2024-05-01,70.54,1,0.0,2026-01-01T19:41:24.729516
600,228,2024-03-07,86.79,4,0.0,2026-01-01T19:41:24.729516
601,229,2024-03-07,75.99,1,0.0,2026-01-01T19:41:24.729516
602,229,2024-03-24,56.8,4,0.0,2026-01-01T19:41:24.729516
603,229,2024-04-10,61.96,1,0.0,2026-01-01T19:41:24.729516
604,230,2024-03-08,42.19,3,0.0,2026-01-01T19:41:24.729516
605,230,2024-03-28,38.85,2,10.0,2026-01-01T19:41:24.729516
606,230,2024-04-06,45.73,2,10.0,2026-01-01T19:41:24.729516
607,231,2024-03-08,38.36,4,0.0,2026-01-01T19:41:24.729516
608,232,2024-03-08,65.76,3,0.0,2026-01-01T19:41:24.729516
609,232,2024-04-20,57.25,2,5.0,2026-01-01T19:41:24.729516
610,233,2024-03-08,79.53,3,0.0,2026-01-01T19:41:24.729516
611,233,2024-04-11,71.36,2,0.0,2026-01-01T19:41:24.729516
612,234,2024-03-08,39.08,1,0.0,2026-01-01T19:41:24.729516
613,235,2024-03-08,49.13,2,0.0,2026-01-01T19:41:24.729516
614,236,2024-03-08,47.53,1,0.0,2026-01-01T19:41:24.729516
615,237,2024-03-09,96.76,4,0.0,2026-01-01T19:41:24.729516
616,238,2024-03-09,51.74,1,0.0,2026-01-01T19:41:24.729516
617,238,2024-04-30,52.65,2,0.0,2026-01-01T19:41:24.729516
618,239,2024-03-09,62.68,1,0.0,2026-01-01T19:41:24.729516
619,239,2024-04-22,53.31,2,0.0,2026-01-01T19:41:24.729516
620,240,2024-03-09,38.99,4,0.0,2026-01-01T19:41:24.729516
621,240,2024-05-07,30.21,3,5.0,2026-01-01T19:41:24.729516
622,241,2024-03-10,43.86,2,0.0,2026-01-01T19:41:24.729516
623,242,2024-03-10,35.06,1,0.0,2026-01-01T19:41:24.729516
624,243,2024-03-10,51.39,1,0.0,2026-01-01T19:41:24.729516
625,243,2024-04-17,47.44,2,0.0,2026-01-01T19:41:24.729516
626,243,2024-06-07,41.38,2,5.0,2026-01-01T19:41:24.729516
627,244,2024-03-11,84.6,4,0.0,2026-01-01T19:41:24.729516
628,245,2024-03-11,52.83,3,0.0,2026-01-01T19:41:24.729516
629,245,2024-04-27,45.27,4,0.0,2026-01-01T19:41:24.729516
630,246,2024-03-11,80.51,1,0.0,2026-01-01T19:41:24.729516
631,246,2024-05-05,80.96,4,5.0,2026-01-01T19:41:24.729516
632,246,2024-06-23,70.04,4,0.0,2026-01-01T19:41:24.729516
633,247,2024-03-11,38.67,1,0.0,2026-01-01T19:41:24.729516
634,248,2024-03-11,81.78,4,0.0,2026-01-01T19:41:24.729516
635,249,2024-03-11,35.48,4,0.0,2026-01-01T19:41:24.729516
636,249,2024-04-04,32.04,4,20.0,2026-01-01T19:41:24.729516
637,250,2024-03-11,87.88,5,0.0,2026-01-01T19:41:24.729516
638,251,2024-03-11,75.62,3,0.0,2026-01-01T19:41:24.729516
639,251,2024-05-08,66.3,3,5.0,2026-01-01T19:41:24.729516
640,251,2024-06-30,59.56,1,15.0,2026-01-01T19:41:24.729516
641,252,2024-03-11,43.58,4,0.0,2026-01-01T19:41:24.729516
642,253,2024-03-12,55.74,5,0.0,2026-01-01T19:41:24.729516
643,253,2024-04-28,41.48,3,10.0,2026-01-01T19:41:24.729516
644,253,2024-06-08,39.46,1,15.0,2026-01-01T19:41:24.729516
645,254,2024-03-12,60.95,1,0.0,2026-01-01T19:41:24.729516
646,254,2024-04-10,61.36,1,10.0,2026-01-01T19:41:24.729516
647,255,2024-03-12,72.92,5,0.0,2026-01-01T19:41:24.729516
648,255,2024-03-29,75.49,2,5.0,2026-01-01T19:41:24.729516
649,255,2024-04-15,77.61,4,0.0,2026-01-01T19:41:24.729516
650,255,2024-06-07,58.3,1,0.0,2026-01-01T19:41:24.729516
651,256,2024-03-12,89.6,5,0.0,2026-01-01T19:41:24.729516
652,256,2024-04-13,91.08,2,0.0,2026-01-01T19:41:24.729516
653,257,2024-03-13,38.54,3,0.0,2026-01-01T19:41:24.729516
654,257,2024-04-29,38.89,1,0.0,2026-01-01T19:41:24.729516
655,258,2024-03-14,85.47,1,0.0,2026-01-01T19:41:24.729516
656,258,2024-04-15,64.31,3,15.0,2026-01-01T19:41:24.729516
657,259,2024-03-14,44.39,1,0.0,2026-01-01T19:41:24.729516
658,260,2024-03-14,58.55,1,0.0,2026-01-01T19:41:24.729516
659,260,2024-05-13,53.67,1,0.0,2026-01-01T19:41:24.729516
660,260,2024-06-27,61.11,3,20.0,2026-01-01T19:41:24.729516
661,261,2024-03-14,95.05,5,0.0,2026-01-01T19:41:24.729516
662,261,2024-04-19,74.24,4,0.0,2026-01-01T19:41:24.729516
663,261,2024-05-23,70.07,3,5.0,2026-01-01T19:41:24.729516
664,261,2024-07-13,86.81,4,0.0,2026-01-01T19:41:24.729516
665,262,2024-03-14,50.17,4,0.0,2026-01-01T19:41:24.729516
666,263,2024-03-14,57.57,5,0.0,2026-01-01T19:41:24.729516
667,263,2024-04-26,62.76,2,5.0,2026-01-01T19:41:24.729516
668,263,2024-06-02,53.27,3,15.0,2026-01-01T19:41:24.729516
669,264,2024-03-15,87.79,2,0.0,2026-01-01T19:41:24.729516
670,264,2024-04-01,68.75,2,5.0,2026-01-01T19:41:24.729516
671,265,2024-03-15,84.49,2,0.0,2026-01-01T19:41:24.729516
672,265,2024-05-14,75.15,2,15.0,2026-01-01T19:41:24.729516
673,266,2024-03-15,74.68,4,0.0,2026-01-01T19:41:24.729516
674,266,2024-04-10,74.4,2,20.0,2026-01-01T19:41:24.729516
675,267,2024-03-15,84.3,3,0.0,2026-01-01T19:41:24.729516
676,268,2024-03-15,39.85,4,0.0,2026-01-01T19:41:24.729516
677,268,2024-04-04,39.93,4,20.0,2026-01-01T19:41:24.729516
678,269,2024-03-15,77.75,3,0.0,2026-01-01T19:41:24.729516
679,269,2024-04-20,76.47,1,10.0,2026-01-01T19:41:24.729516
680,269,2024-05-01,66.11,1,20.0,2026-01-01T19:41:24.729516
681,270,2024-03-15,36.31,5,0.0,2026-01-01T19:41:24.729516
682,271,2024-03-15,93.76,2,0.0,2026-01-01T19:41:24.729516
683,271,2024-03-29,67.1,4,5.0,2026-01-01T19:41:24.729516
684,272,2024-03-16,42.86,5,0.0,2026-01-01T19:41:24.729516
685,273,2024-03-16,59.54,2,0.0,2026-01-01T19:41:24.729516
686,273,2024-04-10,44.48,3,0.0,2026-01-01T19:41:24.729516
687,274,2024-03-16,70.9,5,0.0,2026-01-01T19:41:24.729516
688,274,2024-04-25,69.06,3,20.0,2026-01-01T19:41:24.729516
689,275,2024-03-17,84.65,4,0.0,2026-01-01T19:41:24.729516
690,275,2024-04-14,90.65,2,15.0,2026-01-01T19:41:24.729516
691,275,2024-06-05,87.34,3,0.0,2026-01-01T19:41:24.729516
692,275,2024-06-21,75.19,3,0.0,2026-01-01T19:41:24.729516
693,276,2024-03-18,76.6,2,0.0,2026-01-01T19:41:24.729516
694,277,2024-03-18,44.28,1,0.0,2026-01-01T19:41:24.729516
695,277,2024-04-23,41.52,3,0.0,2026-01-01T19:41:24.729516
696,278,2024-03-18,57.18,3,0.0,2026-01-01T19:41:24.729516
697,279,2024-03-18,55.81,3,0.0,2026-01-01T19:41:24.729516
698,280,2024-03-18,34.37,3,0.0,2026-01-01T19:41:24.729516
699,281,2024-03-18,76.99,3,0.0,2026-01-01T19:41:24.729516
700,281,2024-05-01,58.59,2,15.0,2026-01-01T19:41:24.729516
701,281,2024-05-24,71.25,4,0.0,2026-01-01T19:41:24.729516
702,282,2024-03-18,87.0,5,0.0,2026-01-01T19:41:24.729516
703,282,2024-05-15,86.56,4,10.0,2026-01-01T19:41:24.729516
704,283,2024-03-18,95.77,2,0.0,2026-01-01T19:41:24.729516
705,283,2024-04-08,104.93,2,0.0,2026-01-01T19:41:24.729516
706,283,2024-05-15,100.54,1,0.0,2026-01-01T19:41:24.729516
707,284,2024-03-18,40.99,2,0.0,2026-01-01T19:41:24.729516
708,285,2024-03-18,92.33,4,0.0,2026-01-01T19:41:24.729516
709,285,2024-04-26,92.7,4,0.0,2026-01-01T19:41:24.729516
710,285,2024-05-27,90.71,3,0.0,2026-01-01T19:41:24.729516
711,286,2024-03-19,39.84,5,0.0,2026-01-01T19:41:24.729516
712,286,2024-05-03,41.31,3,0.0,2026-01-01T19:41:24.729516
713,287,2024-03-19,59.23,4,0.0,2026-01-01T19:41:24.729516
714,287,2024-05-15,47.4,4,0.0,2026-01-01T19:41:24.729516
715,288,2024-03-19,35.49,3,0.0,2026-01-01T19:41:24.729516
716,288,2024-04-18,36.99,3,20.0,2026-01-01T19:41:24.729516
717,289,2024-03-19,49.5,5,0.0,2026-01-01T19:41:24.729516
718,290,2024-03-19,52.93,4,0.0,2026-01-01T19:41:24.729516
719,290,2024-05-12,58.13,4,0.0,2026-01-01T19:41:24.729516
720,290,2024-05-31,37.17,3,0.0,2026-01-01T19:41:24.729516
721,291,2024-03-19,78.3,3,0.0,2026-01-01T19:41:24.729516
722,292,2024-03-19,76.57,5,0.0,2026-01-01T19:41:24.729516
723,292,2024-05-06,62.02,4,5.0,2026-01-01T19:41:24.729516
724,293,2024-03-19,82.39,3,0.0,2026-01-01T19:41:24.729516
725,293,2024-03-29,89.68,1,20.0,2026-01-01T19:41:24.729516
726,294,2024-03-19,69.98,5,0.0,2026-01-01T19:41:24.729516
727,294,2024-04-25,69.98,1,15.0,2026-01-01T19:41:24.729516
728,294,2024-05-03,66.14,2,15.0,2026-01-01T19:41:24.729516
729,295,2024-03-20,69.23,2,0.0,2026-01-01T19:41:24.729516
730,295,2024-05-19,71.88,4,0.0,2026-01-01T19:41:24.729516
731,296,2024-03-20,96.06,3,0.0,2026-01-01T19:41:24.729516
732,296,2024-04-30,77.9,2,20.0,2026-01-01T19:41:24.729516
733,297,2024-03-21,76.04,3,0.0,2026-01-01T19:41:24.729516
734,298,2024-03-21,54.49,2,0.0,2026-01-01T19:41:24.729516
735,299,2024-03-21,66.5,4,0.0,2026-01-01T19:41:24.729516
736,299,2024-05-09,64.36,2,0.0,2026-01-01T19:41:24.729516
737,300,2024-03-22,78.04,3,0.0,2026-01-01T19:41:24.729516
738,300,2024-04-26,56.02,2,10.0,2026-01-01T19:41:24.729516
739,301,2024-03-22,38.69,2,0.0,2026-01-01T19:41:24.729516
740,302,2024-03-22,75.51,3,0.0,2026-01-01T19:41:24.729516
741,302,2024-04-20,56.41,1,5.0,2026-01-01T19:41:24.729516
742,303,2024-03-22,48.66,4,0.0,2026-01-01T19:41:24.729516
743,303,2024-04-03,37.61,2,0.0,2026-01-01T19:41:24.729516
744,304,2024-03-22,54.97,2,0.0,2026-01-01T19:41:24.729516
745,305,2024-03-22,76.46,3,0.0,2026-01-01T19:41:24.729516
746,305,2024-05-14,82.37,2,0.0,2026-01-01T19:41:24.729516
747,306,2024-03-22,57.52,3,0.0,2026-01-01T19:41:24.729516
748,306,2024-05-13,46.87,2,0.0,2026-01-01T19:41:24.729516
749,307,2024-03-22,87.04,2,0.0,2026-01-01T19:41:24.729516
750,307,2024-04-10,67.09,3,0.0,2026-01-01T19:41:24.729516
751,307,2024-05-18,73.29,3,0.0,2026-01-01T19:41:24.729516
752,308,2024-03-23,68.79,2,0.0,2026-01-01T19:41:24.729516
753,308,2024-05-22,64.26,2,0.0,2026-01-01T19:41:24.729516
754,308,2024-07-09,70.47,3,20.0,2026-01-01T19:41:24.729516
755,308,2024-08-29,74.8,3,10.0,2026-01-01T19:41:24.729516
756,309,2024-03-23,96.71,5,0.0,2026-01-01T19:41:24.729516
757,310,2024-03-23,36.05,2,0.0,2026-01-01T19:41:24.729516
758,311,2024-03-23,74.32,1,0.0,2026-01-01T19:41:24.729516
759,312,2024-03-23,42.7,2,0.0,2026-01-01T19:41:24.729516
760,313,2024-03-23,87.67,3,0.0,2026-01-01T19:41:24.729516
761,314,2024-03-23,87.87,1,0.0,2026-01-01T19:41:24.729516
762,314,2024-04-25,78.22,1,0.0,2026-01-01T19:41:24.729516
763,315,2024-03-24,89.01,3,0.0,2026-01-01T19:41:24.729516
764,315,2024-04-29,81.77,1,20.0,2026-01-01T19:41:24.729516
765,315,2024-06-14,78.56,4,10.0,2026-01-01T19:41:24.729516
766,316,2024-03-24,37.37,4,0.0,2026-01-01T19:41:24.729516
767,316,2024-05-16,31.74,4,0.0,2026-01-01T19:41:24.729516
768,317,2024-03-25,64.46,3,0.0,2026-01-01T19:41:24.729516
769,317,2024-04-15,64.8,1,10.0,2026-01-01T19:41:24.729516
770,317,2024-06-10,52.07,4,10.0,2026-01-01T19:41:24.729516
771,317,2024-06-27,68.9,2,10.0,2026-01-01T19:41:24.729516
772,318,2024-03-25,48.16,2,0.0,2026-01-01T19:41:24.729516
773,318,2024-04-22,48.9,1,0.0,2026-01-01T19:41:24.729516
774,319,2024-03-25,95.56,3,0.0,2026-01-01T19:41:24.729516
775,319,2024-04-11,84.5,2,15.0,2026-01-01T19:41:24.729516
776,319,2024-04-29,78.41,2,0.0,2026-01-01T19:41:24.729516
777,320,2024-03-25,35.77,2,0.0,2026-01-01T19:41:24.729516
778,321,2024-03-25,46.98,1,0.0,2026-01-01T19:41:24.729516
779,322,2024-03-25,74.32,5,0.0,2026-01-01T19:41:24.729516
780,322,2024-05-01,56.76,4,0.0,2026-01-01T19:41:24.729516
781,323,2024-03-25,58.71,2,0.0,2026-01-01T19:41:24.729516
782,324,2024-03-25,47.77,4,0.0,2026-01-01T19:41:24.729516
783,325,2024-03-26,62.34,3,0.0,2026-01-01T19:41:24.729516
784,325,2024-05-21,51.79,4,0.0,2026-01-01T19:41:24.729516
785,326,2024-03-26,84.58,5,0.0,2026-01-01T19:41:24.729516
786,326,2024-05-03,81.87,1,10.0,2026-01-01T19:41:24.729516
787,326,2024-06-17,65.23,3,0.0,2026-01-01T19:41:24.729516
788,326,2024-07-26,87.06,4,10.0,2026-01-01T19:41:24.729516
789,327,2024-03-26,61.63,2,0.0,2026-01-01T19:41:24.729516
790,327,2024-04-04,48.35,1,5.0,2026-01-01T19:41:24.729516
791,327,2024-05-22,47.58,3,0.0,2026-01-01T19:41:24.729516
792,328,2024-03-26,88.18,4,0.0,2026-01-01T19:41:24.729516
793,328,2024-04-18,95.53,2,5.0,2026-01-01T19:41:24.729516
794,328,2024-06-07,79.97,4,0.0,2026-01-01T19:41:24.729516
795,329,2024-03-27,61.56,3,0.0,2026-01-01T19:41:24.729516
796,330,2024-03-27,40.22,4,0.0,2026-01-01T19:41:24.729516
797,331,2024-03-28,64.83,2,0.0,2026-01-01T19:41:24.729516
798,331,2024-05-10,58.53,4,15.0,2026-01-01T19:41:24.729516
799,332,2024-03-28,74.97,4,0.0,2026-01-01T19:41:24.729516
800,333,2024-03-28,39.17,4,0.0,2026-01-01T19:41:24.729516
801,333,2024-05-01,31.47,1,15.0,2026-01-01T19:41:24.729516
802,334,2024-03-28,59.3,5,0.0,2026-01-01T19:41:24.729516
803,334,2024-05-04,58.4,3,20.0,2026-01-01T19:41:24.729516
804,334,2024-05-22,64.77,4,10.0,2026-01-01T19:41:24.729516
805,334,2024-05-29,49.51,3,15.0,2026-01-01T19:41:24.729516
806,335,2024-03-28,68.71,5,0.0,2026-01-01T19:41:24.729516
807,336,2024-03-28,32.51,4,0.0,2026-01-01T19:41:24.729516
808,336,2024-04-22,23.28,4,20.0,2026-01-01T19:41:24.729516
809,337,2024-03-28,38.41,3,0.0,2026-01-01T19:41:24.729516
810,337,2024-05-12,37.43,4,0.0,2026-01-01T19:41:24.729516
811,338,2024-03-28,71.77,3,0.0,2026-01-01T19:41:24.729516
812,338,2024-04-21,55.37,4,0.0,2026-01-01T19:41:24.729516
813,338,2024-05-18,58.78,1,0.0,2026-01-01T19:41:24.729516
814,339,2024-03-28,72.74,1,0.0,2026-01-01T19:41:24.729516
815,339,2024-04-15,53.36,2,0.0,2026-01-01T19:41:24.729516
816,340,2024-03-29,52.3,4,0.0,2026-01-01T19:41:24.729516
817,340,2024-05-04,51.02,4,0.0,2026-01-01T19:41:24.729516
818,340,2024-05-31,44.41,1,0.0,2026-01-01T19:41:24.729516
819,340,2024-07-23,38.26,3,15.0,2026-01-01T19:41:24.729516
820,341,2024-03-29,65.54,4,0.0,2026-01-01T19:41:24.729516
821,341,2024-05-22,52.61,1,15.0,2026-01-01T19:41:24.729516
822,341,2024-06-05,66.68,3,10.0,2026-01-01T19:41:24.729516
823,342,2024-03-29,45.95,5,0.0,2026-01-01T19:41:24.729516
824,343,2024-03-29,76.15,3,0.0,2026-01-01T19:41:24.729516
825,344,2024-03-29,94.27,4,0.0,2026-01-01T19:41:24.729516
826,344,2024-05-19,95.34,1,0.0,2026-01-01T19:41:24.729516
827,345,2024-03-29,56.12,3,0.0,2026-01-01T19:41:24.729516
828,345,2024-05-01,43.93,4,20.0,2026-01-01T19:41:24.729516
829,346,2024-03-29,36.03,3,0.0,2026-01-01T19:41:24.729516
830,347,2024-03-29,46.99,3,0.0,2026-01-01T19:41:24.729516
831,347,2024-04-19,33.23,2,0.0,2026-01-01T19:41:24.729516
832,347,2024-05-14,46.58,4,10.0,2026-01-01T19:41:24.729516
833,348,2024-03-30,62.04,5,0.0,2026-01-01T19:41:24.729516
834,348,2024-04-30,55.23,1,10.0,2026-01-01T19:41:24.729516
835,348,2024-05-27,52.02,2,5.0,2026-01-01T19:41:24.729516
836,348,2024-07-20,55.81,2,10.0,2026-01-01T19:41:24.729516
837,349,2024-03-31,68.91,4,0.0,2026-01-01T19:41:24.729516
838,349,2024-05-13,74.91,4,15.0,2026-01-01T19:41:24.729516
839,349,2024-06-02,68.86,3,10.0,2026-01-01T19:41:24.729516
840,350,2024-03-31,72.78,3,0.0,2026-01-01T19:41:24.729516
841,350,2024-05-06,51.81,2,10.0,2026-01-01T19:41:24.729516
842,351,2024-04-01,63.25,4,0.0,2026-01-01T19:41:24.729516
843,351,2024-04-26,58.35,2,5.0,2026-01-01T19:41:24.729516
844,351,2024-06-06,47.61,1,10.0,2026-01-01T19:41:24.729516
845,351,2024-06-26,49.62,3,0.0,2026-01-01T19:41:24.729516
846,352,2024-04-01,75.22,2,0.0,2026-01-01T19:41:24.729516
847,353,2024-04-01,79.03,5,0.0,2026-01-01T19:41:24.729516
848,353,2024-05-26,62.2,3,10.0,2026-01-01T19:41:24.729516
849,353,2024-06-25,75.25,3,15.0,2026-01-01T19:41:24.729516
850,354,2024-04-01,39.91,4,0.0,2026-01-01T19:41:24.729516
851,355,2024-04-01,81.86,4,0.0,2026-01-01T19:41:24.729516
852,355,2024-05-06,62.44,2,20.0,2026-01-01T19:41:24.729516
853,355,2024-05-13,74.74,4,0.0,2026-01-01T19:41:24.729516
854,356,2024-04-01,46.91,4,0.0,2026-01-01T19:41:24.729516
855,357,2024-04-01,54.69,4,0.0,2026-01-01T19:41:24.729516
856,357,2024-05-18,38.92,2,0.0,2026-01-01T19:41:24.729516
857,357,2024-06-30,54.3,3,0.0,2026-01-01T19:41:24.729516
858,358,2024-04-01,86.44,2,0.0,2026-01-01T19:41:24.729516
859,358,2024-04-13,93.42,4,0.0,2026-01-01T19:41:24.729516
860,359,2024-04-02,95.19,2,0.0,2026-01-01T19:41:24.729516
861,359,2024-05-25,99.94,4,0.0,2026-01-01T19:41:24.729516
862,360,2024-04-02,51.48,3,0.0,2026-01-01T19:41:24.729516
863,360,2024-04-13,54.45,4,0.0,2026-01-01T19:41:24.729516
864,360,2024-06-02,48.46,2,0.0,2026-01-01T19:41:24.729516
865,361,2024-04-02,66.43,5,0.0,2026-01-01T19:41:24.729516
866,362,2024-04-02,78.14,2,0.0,2026-01-01T19:41:24.729516
867,362,2024-04-13,54.91,4,0.0,2026-01-01T19:41:24.729516
868,363,2024-04-02,35.48,4,0.0,2026-01-01T19:41:24.729516
869,363,2024-05-05,38.43,1,15.0,2026-01-01T19:41:24.729516
870,364,2024-04-02,43.17,5,0.0,2026-01-01T19:41:24.729516
871,365,2024-04-02,41.63,4,0.0,2026-01-01T19:41:24.729516
872,366,2024-04-02,79.1,1,0.0,2026-01-01T19:41:24.729516
873,366,2024-05-04,81.58,1,15.0,2026-01-01T19:41:24.729516
874,366,2024-06-25,84.71,4,15.0,2026-01-01T19:41:24.729516
875,366,2024-07-09,58.65,3,20.0,2026-01-01T19:41:24.729516
876,367,2024-04-03,79.4,2,0.0,2026-01-01T19:41:24.729516
877,367,2024-05-22,66.37,4,0.0,2026-01-01T19:41:24.729516
878,368,2024-04-03,39.45,3,0.0,2026-01-01T19:41:24.729516
879,369,2024-04-03,72.21,3,0.0,2026-01-01T19:41:24.729516
880,370,2024-04-03,44.69,4,0.0,2026-01-01T19:41:24.729516
881,371,2024-04-03,92.96,2,0.0,2026-01-01T19:41:24.729516
882,371,2024-05-24,81.61,4,20.0,2026-01-01T19:41:24.729516
883,372,2024-04-03,58.04,2,0.0,2026-01-01T19:41:24.729516
884,372,2024-04-28,41.23,3,0.0,2026-01-01T19:41:24.729516
885,373,2024-04-03,62.21,3,0.0,2026-01-01T19:41:24.729516
886,373,2024-05-20,51.13,4,15.0,2026-01-01T19:41:24.729516
887,374,2024-04-03,83.29,2,0.0,2026-01-01T19:41:24.729516
888,374,2024-04-28,86.93,2,0.0,2026-01-01T19:41:24.729516
889,374,2024-05-18,77.73,1,0.0,2026-01-01T19:41:24.729516
890,375,2024-04-04,79.09,3,0.0,2026-01-01T19:41:24.729516
891,376,2024-04-04,39.5,4,0.0,2026-01-01T19:41:24.729516
892,377,2024-04-04,59.44,3,0.0,2026-01-01T19:41:24.729516
893,378,2024-04-04,92.73,5,0.0,2026-01-01T19:41:24.729516
894,378,2024-05-12,88.96,4,20.0,2026-01-01T19:41:24.729516
895,378,2024-06-12,65.44,3,0.0,2026-01-01T19:41:24.729516
896,378,2024-07-02,73.23,1,0.0,2026-01-01T19:41:24.729516
897,379,2024-04-04,86.94,3,0.0,2026-01-01T19:41:24.729516
898,379,2024-05-17,92.6,2,0.0,2026-01-01T19:41:24.729516
899,380,2024-04-04,70.77,1,0.0,2026-01-01T19:41:24.729516
900,380,2024-04-17,76.49,1,10.0,2026-01-01T19:41:24.729516
901,380,2024-05-28,73.5,1,10.0,2026-01-01T19:41:24.729516
902,381,2024-04-04,82.69,4,0.0,2026-01-01T19:41:24.729516
903,382,2024-04-04,61.78,2,0.0,2026-01-01T19:41:24.729516
904,382,2024-05-28,47.76,2,15.0,2026-01-01T19:41:24.729516
905,382,2024-07-19,54.52,3,0.0,2026-01-01T19:41:24.729516
906,383,2024-04-04,75.3,1,0.0,2026-01-01T19:41:24.729516
907,384,2024-04-05,94.65,5,0.0,2026-01-01T19:41:24.729516
908,384,2024-04-25,74.87,4,10.0,2026-01-01T19:41:24.729516
909,384,2024-06-05,99.63,3,0.0,2026-01-01T19:41:24.729516
910,385,2024-04-05,41.25,1,0.0,2026-01-01T19:41:24.729516
911,385,2024-04-19,36.17,2,5.0,2026-01-01T19:41:24.729516
912,385,2024-06-02,32.42,3,5.0,2026-01-01T19:41:24.729516
913,386,2024-04-05,64.92,5,0.0,2026-01-01T19:41:24.729516
914,386,2024-04-19,64.14,2,5.0,2026-01-01T19:41:24.729516
915,387,2024-04-06,66.97,1,0.0,2026-01-01T19:41:24.729516
916,387,2024-05-09,62.99,2,5.0,2026-01-01T19:41:24.729516
917,387,2024-06-15,60.65,3,15.0,2026-01-01T19:41:24.729516
918,387,2024-07-26,53.55,3,0.0,2026-01-01T19:41:24.729516
919,388,2024-04-06,35.66,2,0.0,2026-01-01T19:41:24.729516
920,389,2024-04-06,93.3,1,0.0,2026-01-01T19:41:24.729516
921,389,2024-05-15,82.87,2,0.0,2026-01-01T19:41:24.729516
922,389,2024-06-18,90.43,4,0.0,2026-01-01T19:41:24.729516
923,389,2024-08-07,85.41,2,0.0,2026-01-01T19:41:24.729516
924,390,2024-04-07,87.02,2,0.0,2026-01-01T19:41:24.729516
925,390,2024-05-03,72.05,4,10.0,2026-01-01T19:41:24.729516
926,390,2024-05-29,93.2,2,0.0,2026-01-01T19:41:24.729516
927,391,2024-04-07,63.89,2,0.0,2026-01-01T19:41:24.729516
928,391,2024-05-09,64.81,2,20.0,2026-01-01T19:41:24.729516
929,391,2024-06-18,69.8,4,15.0,2026-01-01T19:41:24.729516
930,392,2024-04-07,65.54,2,0.0,2026-01-01T19:41:24.729516
931,392,2024-06-06,53.84,3,0.0,2026-01-01T19:41:24.729516
932,392,2024-07-05,67.62,4,0.0,2026-01-01T19:41:24.729516
933,393,2024-04-07,92.38,4,0.0,2026-01-01T19:41:24.729516
934,393,2024-05-09,66.71,3,5.0,2026-01-01T19:41:24.729516
935,394,2024-04-07,44.02,2,0.0,2026-01-01T19:41:24.729516
936,395,2024-04-07,70.11,2,0.0,2026-01-01T19:41:24.729516
937,395,2024-05-29,56.25,3,20.0,2026-01-01T19:41:24.729516
938,396,2024-04-08,79.98,3,0.0,2026-01-01T19:41:24.729516
939,396,2024-05-09,66.41,2,10.0,2026-01-01T19:41:24.729516
940,397,2024-04-09,40.84,5,0.0,2026-01-01T19:41:24.729516
941,398,2024-04-09,57.68,3,0.0,2026-01-01T19:41:24.729516
942,398,2024-05-01,44.08,4,15.0,2026-01-01T19:41:24.729516
943,399,2024-04-09,71.54,4,0.0,2026-01-01T19:41:24.729516
944,400,2024-04-10,89.88,2,0.0,2026-01-01T19:41:24.729516
945,400,2024-05-25,83.99,1,0.0,2026-01-01T19:41:24.729516
946,400,2024-06-22,72.84,4,0.0,2026-01-01T19:41:24.729516
947,400,2024-07-07,94.58,3,0.0,2026-01-01T19:41:24.729516
948,401,2024-04-10,65.27,2,0.0,2026-01-01T19:41:24.729516
949,402,2024-04-10,57.5,2,0.0,2026-01-01T19:41:24.729516
950,402,2024-05-21,57.79,3,0.0,2026-01-01T19:41:24.729516
951,402,2024-07-16,41.81,3,20.0,2026-01-01T19:41:24.729516
952,403,2024-04-10,96.17,4,0.0,2026-01-01T19:41:24.729516
953,403,2024-05-07,85.33,3,5.0,2026-01-01T19:41:24.729516
954,403,2024-06-26,104.69,3,0.0,2026-01-01T19:41:24.729516
955,404,2024-04-10,92.03,2,0.0,2026-01-01T19:41:24.729516
956,404,2024-05-13,80.15,4,20.0,2026-01-01T19:41:24.729516
957,405,2024-04-10,82.05,5,0.0,2026-01-01T19:41:24.729516
958,405,2024-05-19,69.69,4,10.0,2026-01-01T19:41:24.729516
959,406,2024-04-10,50.28,5,0.0,2026-01-01T19:41:24.729516
960,407,2024-04-10,95.13,5,0.0,2026-01-01T19:41:24.729516
961,407,2024-05-23,79.29,1,0.0,2026-01-01T19:41:24.729516
962,408,2024-04-10,95.58,5,0.0,2026-01-01T19:41:24.729516
963,408,2024-05-19,99.26,4,0.0,2026-01-01T19:41:24.729516
964,409,2024-04-10,61.93,1,0.0,2026-01-01T19:41:24.729516
965,409,2024-05-04,54.89,2,15.0,2026-01-01T19:41:24.729516
966,410,2024-04-10,41.17,3,0.0,2026-01-01T19:41:24.729516
967,410,2024-05-28,38.29,4,5.0,2026-01-01T19:41:24.729516
968,411,2024-04-11,59.33,5,0.0,2026-01-01T19:41:24.729516
969,411,2024-05-27,61.19,1,0.0,2026-01-01T19:41:24.729516
970,411,2024-06-30,45.1,2,20.0,2026-01-01T19:41:24.729516
971,412,2024-04-11,78.0,2,0.0,2026-01-01T19:41:24.729516
972,412,2024-06-02,81.66,2,0.0,2026-01-01T19:41:24.729516
973,413,2024-04-11,81.15,3,0.0,2026-01-01T19:41:24.729516
974,413,2024-04-19,74.12,1,20.0,2026-01-01T19:41:24.729516
975,414,2024-04-11,51.93,1,0.0,2026-01-01T19:41:24.729516
976,414,2024-05-08,55.64,2,15.0,2026-01-01T19:41:24.729516
977,414,2024-05-25,45.16,2,0.0,2026-01-01T19:41:24.729516
978,415,2024-04-11,78.1,3,0.0,2026-01-01T19:41:24.729516
979,415,2024-05-16,58.52,1,5.0,2026-01-01T19:41:24.729516
980,415,2024-07-09,81.35,4,0.0,2026-01-01T19:41:24.729516
981,416,2024-04-11,88.45,4,0.0,2026-01-01T19:41:24.729516
982,416,2024-04-30,69.19,1,5.0,2026-01-01T19:41:24.729516
983,417,2024-04-12,78.77,2,0.0,2026-01-01T19:41:24.729516
984,418,2024-04-12,93.31,2,0.0,2026-01-01T19:41:24.729516
985,419,2024-04-12,73.62,4,0.0,2026-01-01T19:41:24.729516
986,420,2024-04-12,45.56,3,0.0,2026-01-01T19:41:24.729516
987,421,2024-04-12,73.07,1,0.0,2026-01-01T19:41:24.729516
988,421,2024-05-05,66.02,1,5.0,2026-01-01T19:41:24.729516
989,422,2024-04-12,51.39,4,0.0,2026-01-01T19:41:24.729516
990,423,2024-04-12,54.94,1,0.0,2026-01-01T19:41:24.729516
991,423,2024-05-08,56.84,3,5.0,2026-01-01T19:41:24.729516
992,423,2024-06-28,40.31,4,15.0,2026-01-01T19:41:24.729516
993,423,2024-07-22,54.49,1,0.0,2026-01-01T19:41:24.729516
994,424,2024-04-12,76.2,2,0.0,2026-01-01T19:41:24.729516
995,424,2024-04-19,57.24,2,0.0,2026-01-01T19:41:24.729516
996,425,2024-04-12,96.29,1,0.0,2026-01-01T19:41:24.729516
997,426,2024-04-12,74.76,3,0.0,2026-01-01T19:41:24.729516
998,426,2024-05-15,76.95,2,5.0,2026-01-01T19:41:24.729516
999,426,2024-06-24,81.2,2,15.0,2026-01-01T19:41:24.729516
1000,427,2024-04-12,94.79,1,0.0,2026-01-01T19:41:24.729516
